feature_1,feature_2,feature_3,feature_4,feature_5,target
1.084493043998835,-0.455719583223656,-0.8743922566502962,0.7122114401324485,-0.4229718739739271,1
-0.2896097403244535,0.9760904406700167,0.9151369841647375,-1.2988152546719034,0.024820520535808372,0
-0.9317883418088146,0.6142923068535394,-1.330865329635687,0.7978181667470122,-1.0343307874335543,1
-0.23418361803360507,-0.3454656120731066,-0.40118009619997874,-0.9635323348705447,1.5882145254787354,0
-0.4856879366269506,-1.5165389328187644,-0.43770650118208554,1.549395074948673,0.8216128720365612,0
1.0235877729219178,-0.8073343582764231,1.4235360881597954,-0.10205778895535643,-0.919666740153533,0
-2.666375891515986,0.68282796632091,-0.6647198090998581,-1.9053968229279978,0.48195228980342797,0
-1.4817524094521917,0.26535301113457066,0.4622755440368134,1.1190504408561373,0.06795101375412871,0
-0.21645515583665012,0.620119838481204,0.7534403740198279,-0.5571064666655442,-0.6071252432600034,1
-0.39038478803312004,-1.0693613746646409,0.3415842741753053,0.08295424550663473,0.32612436209660034,0
-1.1034460830680313,-1.2587514413451961,1.1586385786241646,-0.49198032693596616,0.31694195454058927,0
0.3214967878024125,-0.36343675581412677,-0.6876725708780005,0.6273787392385292,1.002732692205677,1
-1.0316351633185683,0.5438231839734516,1.1836318534914352,0.73862944445207,0.9677147250500644,0
0.07660101086872248,0.7466173227843045,0.47689914263395916,-1.290461934352482,0.8405830189116811,0
0.3206100074537891,1.2792536914366006,1.29342244308612,0.557424145245224,0.817185641783729,1
-0.2797443187897305,0.15206599778197383,-1.098783417203138,-0.9073773528252634,0.06778083199297684,1
0.6985146343516464,-0.2232720432468682,-1.0387479079614559,1.2686065759400842,-0.9967482206163149,1
-0.5394898965481673,0.8358452088067793,-1.1176072073680932,0.2217557225671332,1.1900460581423595,1
-1.1163902606929232,0.36046606236879336,-0.8558545602809232,0.09932595758019444,-0.5139586508812701,1
-0.9446509352927973,-1.3156705260738921,-1.5985632622482704,0.42134208859013245,-0.24469025185476517,0
0.5280453685783953,0.8418834627943851,1.216273789219066,1.0895797801015163,0.8436297081840751,1
0.5737163836856262,0.33627807551808303,0.18769328466178484,-0.3732028932819222,0.308906741994213,1
0.21215003697174373,0.016784667395856698,-0.8284922601079593,0.6767101518387191,0.9091265346886688,1
0.5825450654674718,1.6592781459495225,0.38891368273303034,-1.2471350110577137,0.41522634839797307,1
0.7506757200327304,0.2923736661816226,0.09708990927692711,-0.07186651236082443,-0.7856086524792683,1
-0.615776723474813,0.40518588641678144,0.48873526686387614,0.2633746165163182,-0.5815638845395631,1
0.4887648788372827,0.3019268807818448,-2.012425962223314,-1.1697309494854098,0.9009509424724383,1
0.6124580707215437,1.6282287586576685,0.3754895098908265,0.31624203991534555,-1.5520022017899708,1
0.5526971138196687,1.8430884334808901,-0.49160727890652695,0.32952213019234555,-1.8374933113512777,1
0.8790890392526386,0.5803323582007895,-1.2898476044416112,-1.3429830947908965,0.2630517848520989,1
-0.4915836983334017,-0.5023854422544776,1.387209579088729,-0.40623838291937653,0.35349608902592783,0
0.432683568302077,0.41354376026719464,1.2339432121340017,-1.1176817825314191,0.6512855769729563,0
0.2992537955136436,-0.018568526778808124,-1.1817197772271502,1.1781996377698707,0.7231381958990438,1
0.37314058308217973,-0.8722874510622627,-0.8813116629804917,1.160167531937391,-1.2218798425938329,1
-0.3635546919366107,-0.23913375959920105,1.598498836055603,0.574741797529345,-0.3262569085383021,0
0.5309388360712802,-2.1460413107759937,-0.17047602075772997,0.14139263447490139,0.8210019647577289,0
0.4435189026788602,-1.530608706694575,-1.1396139405593202,-1.2451044264398479,0.11299602130173862,0
-0.4797155689904599,1.0730596085856892,0.4911162401999673,2.1449733529512027,1.1521435016454118,1
-0.38182097777234486,1.1220575741778962,0.9443444534689148,-0.8084609351471336,0.3776049202726291,0
-0.7557142380702692,0.8742196791889635,0.1765995410226959,2.263961290820837,-0.8400451507939188,1
1.9175602599570327,-0.848931610168589,-0.38736578158807594,0.2330641350775323,0.6174951970474372,1
-0.5978056947920574,-0.06041022896900205,0.42023104741066786,0.4267418007493022,-1.8095895774051034,1
-0.30350846929031267,0.23424346586696476,-0.4885758711690372,1.2953161486844593,-0.9265174682456139,1
0.9866421933178113,-2.835173938472655,2.090508088251198,-0.15171506526391723,1.0800620207521228,0
1.911575864906207,0.8182923703803284,-0.05590924335414469,-0.19688945964684412,-0.387565504281709,1
-0.4679608171840556,-0.7975404570037544,-0.6978116909563501,-1.4075372031260827,-0.10623253122399261,0
1.352434730961356,-0.9341720055330605,0.6816511980176688,1.0906750839375525,-1.7922846298635053,1
0.8180410740066069,0.028395830859557238,1.45270963789015,-0.28141492575545346,2.6950983221305256,0
-1.3230054836175438,-1.3287768835700209,-0.157260065380239,0.5144533780803481,1.7695420910443687,0
0.98246938418581,1.367936309010722,-0.8639548546991189,0.48601893250333084,0.6034333204978093,1
-0.6612372551419423,-0.009554642216842464,1.1705962648829342,0.5567809745509635,-0.4015330795687674,0
0.48005250580454895,-0.8174671944376651,-0.6541449166887384,1.06115708254983,-0.3656262705704108,1
-1.6316597916622488,0.8258414877210033,0.06606288310223288,-1.3446976168401028,-1.3277466483338625,1
1.7178785309619407,0.9790840104898305,0.07811896919099114,-0.8451598094854144,-0.8622331734643904,1
0.6558798210184366,1.1706435354735778,0.1742682826588735,-1.3518231778078986,0.3702266512431027,1
0.9220752777877473,-1.3804933386804694,-1.7766093823749765,-1.5891235029194086,1.2347554417021345,0
-0.9990502931704619,0.09993963780645058,-0.9373330096083572,0.257888657363825,-0.9272578866488742,1
-0.7942350819273658,0.09010433605472766,0.6811873331206041,-0.15385028965282577,1.1383598435147915,0
0.4556144438329962,-0.6514742823501135,2.0151712525917858,0.1346379292535761,-0.39623028461270127,0
-0.2999933636797343,0.7350779878475691,-0.6612880383294072,-2.174685346730193,-0.2007979114481258,1
-0.9495665136548068,-0.9265215213069101,0.33779295950712396,-0.05740935115835364,0.002641520517518274,0
2.138482447530669,1.187450127585469,0.20596776253683835,1.0580723468473212,1.0777753099816731,1
-0.09721376535075474,-0.18487709784355175,-0.8896699303522082,-0.864463952595072,-0.2571249285725704,1
-0.21976088747050013,0.8616839195520143,0.07257660770153299,1.1748113349449911,-0.4183123993181897,1
0.7698550161858625,-0.5269316734185534,-0.8296076853031239,-0.010454303654489412,-0.20072414787667778,1
-0.10145294503834479,-0.15057239337259265,0.06278186313009065,1.197960966454288,-0.9593252568208508,1
-0.5161910816158441,0.5015005259405986,1.2945049401858921,-1.155122227842432,-0.3964150191519423,0
-0.5017358995321365,-0.25003864761210787,-0.9909206145733632,-0.46770532446297447,0.3477968344447116,1
-1.0090509113417545,-0.25981802727144127,-0.9766284128893575,0.5177523377944623,-0.7598676548549075,1
1.7960093668845225,0.7785804354237215,0.5480201028743882,0.23573817914918302,-0.2792163738307704,1
-0.5472375695994511,-0.11241968021631199,1.6692493002517041,-0.9844264582278976,1.5876164973595306,0
-0.5353892374653751,-0.14463825388595306,0.03351314022219595,-1.0462646622536336,0.7120084904905936,0
-2.454270996623856,-0.6323130375412526,0.44802499719038497,-1.0256343619681467,0.0288782941190904,0
0.11743407968383356,1.273198338924408,-0.6019242974305299,0.5604077430444555,-0.23279273843473555,1
0.811290947529495,-0.017486583890820268,0.4492629377895142,-0.5425137357528683,-0.22705583544581867,1
0.3584287958220888,-1.110166801698758,0.10146881851578228,-0.041415725497437404,-0.238728152138513,0
-1.2260212809206652,-0.6664255665954265,-0.7293511225434215,0.9211187127768468,-0.3257252648066405,0
0.21027761533107137,1.0615672521206128,-0.384980486407733,1.394206298767863,1.2649736941297085,1
-1.8813149238042157,-0.8312752463975265,-0.42312927099173936,1.950655263811317,0.527388620069168,0
-0.5980938035642487,-0.11955648658741538,0.9546574327848264,0.20833840344694016,0.2780412633281801,0
2.0987226606806217,1.3260295963403559,1.9217181135260808,-1.2751475273658666,0.041171036946286224,1
-1.8204980850101828,-0.8993155310071248,-1.5110985052939028,-0.6810565362524358,-0.1138133665277869,0
-0.12425187307247054,1.503021603781439,-1.4655336308336682,-0.019491590391164253,-1.284980558101083,1
0.4322740918340744,0.05300478773069444,0.11299388755107753,0.6292886415457397,-1.0549452635750578,1
-0.4108291273059159,-1.9783960979611437,-1.0834383732848925,1.9752657372941684,-1.3130957795108862,0
0.005282901296602693,1.0111769605587886,1.3401293795925586,-0.7769416866459539,-0.5164415843937004,0
0.02859288888152884,-0.03102866145415316,-1.597145058816304,-0.9821873933844067,-0.5920394204347157,1
0.9305543778172245,0.20448226226375402,1.9498235967790314,1.0561257054341766,-0.6853531221332979,0
-0.03022463853582922,0.6460818563617029,0.1160549583604932,-0.12427331771267838,-1.3318920682272444,1
0.6191507686442768,-0.8280984765595716,-1.0834786393977112,0.4933889825353749,-0.25410311538600744,1
0.8128291333532761,0.10127818841912314,-0.30799715700431535,0.08820486572982315,-2.021547013732129,1
1.1786054456217219,-1.7350582008528468,0.31354445018148414,-0.52981017353191,-0.11189444601058253,0
0.3106876522639669,0.6918741137515224,1.46577702066336,-1.1597095103769985,-0.06611089063338765,0
-0.493584157255586,0.916624600824976,0.32268612892209114,-0.5563380772778631,0.4840210301509114,1
0.2083762320983202,-0.9534746271951062,-0.013579137216932761,0.8060884318245711,-0.21883506240079095,0
-0.2942961559289976,1.8898318082702548,1.6259378306452892,2.294011948743708,-0.18956365947716877,1
-1.266211747785464,0.9780578810194148,-2.1230541675381107,1.1893660101415993,1.358754905105591,1
0.8737819150070197,0.6576768053461093,-1.5913335010598857,1.5242785137772192,1.352485021487857,1
0.7982417963506877,-0.9426593316074438,0.4709805113560815,0.5172385934426956,1.0319983445862309,0
-0.21517435231789897,0.36710253433359347,1.477183102410231,-0.5444224874591234,-0.8402408378816247,0
1.1331390161639359,-0.9424945982079691,1.0042290456598861,0.3416413671148563,-0.25812418369019013,0
-0.5987890448328679,0.5988232275681769,0.4039479939767427,0.3632406525948232,0.051214676227457574,1
-0.8306243649690722,2.152447964654134,-0.1843019762818284,0.12081362462777205,0.5223112831651234,1
0.9944534767353234,-1.0941915738794021,1.1255674152980335,0.15326146433131024,-0.36740689099462026,0
-0.6158898164949562,-1.2829313757443381,-0.21152304031344665,-0.8366279074093342,-0.09386229430296411,0
1.0529289822778745,1.4454027132288205,-0.9281868870136908,-0.8748762102435254,-0.17085818320625287,1
-2.021596752354835,1.156469879882469,-0.3454180866832932,0.4342957937065938,1.1692946410029073,0
1.0927571686246504,1.1839870906436896,0.6341094829277821,-1.192298184862303,1.6063045307866466,1
0.9301490502069366,-0.9514601113211252,-0.23327643539037207,0.5634719075731875,-1.0003941349379086,1
0.5970230346719717,0.30907425471553324,0.6340391031519114,1.0903575815367457,0.3380978653738944,1
-0.22945095279737066,1.5700106957397952,0.7634136446751117,-0.4938191926728674,0.5133690635754753,1
0.7039784693043132,-1.0913823866065773,-1.5488585349968196,1.3180488167195885,0.3027252369101952,1
0.7146046701620986,-0.35137999000943476,1.7274133644634768,-0.42139409264337674,0.1948923111753467,0
-0.3021327420610081,0.23130687443923903,0.24294891760202347,1.6289293927906492,-0.12569336417238156,1
1.469503872546644,-0.5553458576416879,0.23292323983632632,0.5112392586845464,0.4426777923922144,1
0.3252428894320204,0.10014225007115383,-2.23723712772798,-0.2452665660036462,-0.8832348622784176,1
1.7342385926055626,1.5639148628538941,-0.4755725148979572,-0.16337979262634514,-0.10430500606925179,1
0.3084920623281855,1.4677850799321626,0.8540589107538425,-0.17281771742552515,-0.049269715735153444,1
-0.913217905223976,-0.04299243610106663,-3.2639656005385005,-1.0692871721688486,-0.28326355013033677,1
-0.20377519765675328,-0.46966063605153185,-0.5997073844924589,0.8741176354014099,0.3274734472084557,0
1.6436910648289442,0.31604765646978733,0.5825317664222324,1.4596158121619272,0.4180228984544848,1
0.24983248403216604,-0.17562017146504683,-0.7669095361852273,1.0805977795660748,1.6283216903726796,1
-1.5756666498110627,0.47051274623520156,2.0261445174255353,-1.4206226323478832,0.15984757201017638,0
0.5173415328946969,0.42742574282225776,1.4005321780567126,0.6675887761276899,-1.5361417263892225,1
0.6026071728835852,0.2735493876994619,-1.9662417177442792,-0.37080021087443843,-2.252762503259349,1
-0.09596581651677927,0.9202412632156967,-0.29922366320357563,0.2703420287159746,0.2920889447821913,1
-0.6355253874209161,-1.6193993390619312,0.4980001115187307,-2.146789198018646,-0.3481684621164762,0
0.9956701045565156,0.5254582160590869,0.0187301607818258,-0.3217636029707288,-0.11128796524942902,1
1.039876937284644,-0.9667887802259879,-0.3933569388184417,0.2525131023850427,1.969225855184382,0
0.9207816426015599,-0.8104401768819803,-0.31824972921450256,0.3365790170765262,0.9471733745926226,0
0.39227727785808664,0.2750100855188997,1.2824819149619162,-2.5232237077739628,-2.4216635784275526,0
1.4720870546416644,-1.5601649707023417,-0.8399538073279239,-0.11403430548157723,-1.6765153274588918,1
-1.082670871881777,1.413794554847734,-0.12160605420569998,0.22281044193491364,1.2068705925509504,1
0.6446685462644688,-1.1042211264834985,-0.21002699889718462,-0.013717725266708015,0.5697098074929143,0
0.6913586090477296,0.42996003240085856,0.4867145574312147,-0.5524747238547133,-2.1876346709638894,1
1.0905620953421014,0.128031920107066,0.14340535703044793,-0.38403574341557545,-0.08727089573421358,1
-0.4456874581570239,0.7010493764518363,0.952159442324681,0.0847267429364174,1.4501081069008621,0
-0.0446738589386919,0.48514741509293074,0.06958313230874028,-1.3374708122883439,0.9679342733022089,0
0.4655552573345058,-0.6809150871411481,-0.723088678748803,-0.12171941266915212,-0.9285562435121971,1
-0.17995079498079616,0.033742566292779975,0.3416044593431664,-0.5667079477140754,-0.809994841660812,0
-0.2115113410706419,0.9383532999634654,1.6350877429944235,1.3533254651575208,-1.124425503322479,1
-1.572018121765681,-0.5743642064835031,-0.002328553130367177,0.04176596550566941,-0.4811345441330088,0
-1.8632860994605112,-0.42960509621984466,-2.442769247262485,-1.6495275398967733,0.7316358669740994,0
-1.9518756876980972,0.7517630616353322,-1.0853377889770943,0.24115403390178672,2.0477894002391173,0
-0.7146525529291005,0.19943186856776743,-0.7664990647982626,-0.6411240865804209,-1.4395400919544417,1
-0.5267247048226787,0.36842252099231876,-0.7419586005096989,0.7790414301684523,0.6565872223237821,1
-0.18656257577762592,0.22961639116991844,0.8665248295728368,0.5070877516814386,0.12048597625502887,0
0.6359839619543769,1.3238774021749053,0.18984010879196186,0.7283113467131137,-0.12012300660597469,1
1.5313753429525332,-0.7553548183683678,-0.33115873574300125,0.836696123874573,-1.2634106960321136,1
-1.639195625584,1.03192903560564,1.1243579499148468,-1.1383321278295557,-0.44180909558302206,0
0.052623255574948936,0.2410753810335865,1.0717267459186532,0.22569464380717782,0.8755104688098555,0
-0.3211211543915565,-0.1945064925628992,0.490914373663015,-0.562100406545423,0.4822498275321057,0
-0.08643612121037597,-0.021382505760253624,-1.7468639277812623,1.5433578733343223,0.011186293945577477,1
1.047761616178806,0.6229144999278587,0.6791574965523882,-1.4235073770634254,1.1840195102536744,0
-0.49387746598873,-0.9895970697952198,0.7040601077768041,0.24587656420233098,-0.5953634214759027,0
-2.07102940973755,0.6312830491850213,0.8817592321896884,-0.6212524589614985,0.09356392551649437,0
-0.9768398948266057,-2.1039747639443482,-0.6495354554499502,-1.3790536487345766,1.6149043992363763,0
0.4678865716392175,1.4764073258579349,0.34967352346221864,-0.33160896768161907,-0.030927463571621742,1
0.31903848239262217,1.7429714092929847,0.010890682813611129,0.2266533475204369,0.6638158897896421,1
0.8114273158848978,0.5149058312919401,1.064047811342772,1.2056530004859933,1.354556570441015,0
1.448187883327481,-0.206632545717734,0.060246145183948316,-1.4844776034475595,-0.5756302497135555,1
-1.1297740204045994,0.31348094636059143,-0.7653868243928744,-0.0734689680072853,0.29916691544209956,0
0.2368986009426578,0.9754810734018518,0.4958321627363798,0.18964911964890172,0.9727225890244308,1
-0.5463303262564521,1.8672131626654505,-1.462357109921135,-2.2872075018863787,0.41062944911360927,1
1.028146002191916,-0.7125555411892073,-1.3484254525621189,-0.40691330939444914,0.4051072165676754,1
-0.21266664424804568,0.5338659796878065,-0.4872317221388998,-0.6808521883896185,0.054109952005434794,1
1.1826756876043254,-0.5846086406034947,-0.14223825788995223,0.008277413114377512,-0.8166009047086668,1
0.9673094119065447,0.5295408482807886,-1.116408684625795,-0.3499969484576927,-0.8118928296739948,1
0.20530841867491864,1.4548314730825402,0.4431293453159946,0.9906656205480454,-0.2676779357467584,1
-0.29197085732085953,1.3069782324147716,0.31468363321441933,0.1942850335065162,-1.302681630386964,1
-0.035763983063123825,2.366462691481485,1.1821775998494155,0.7426465114812039,0.08179315899626362,1
0.5783363871960072,-0.08329970870291979,-0.06525477942354023,0.4188025539820137,-0.2617241997254878,1
-0.6165194926839516,0.5019031731430039,-2.8755235034009123,-0.8955456482662373,-1.158402034547233,1
1.3148739261483755,-1.1623959386929676,0.8902648839824032,0.9190752157504671,1.8028643980916075,0
0.4289540758033248,-1.3403850240871527,-0.5750020595186662,1.052261837583651,2.0621766733276194,0
-1.4155653551998018,-1.2795538845545935,0.27472183268201406,-2.2185446528304906,0.9843358374007263,0
0.6039009073370223,0.17010595232156428,-0.596860695447016,0.22556682588403712,0.6857443365765592,1
0.12917291137784462,0.12327496206144785,0.7215514011383206,0.49187160076820957,0.19409009473897024,0
-0.6577503719802654,0.9920612606396437,-0.18337160590498006,-0.7906938159499034,0.5073074163061743,1
1.6571575464214332,-0.7769290663363526,1.074268666145047,-2.2570000032185806,-1.2266663900817532,0
3.876717255286623,-2.0357855310727837,1.7251355997414861,-0.3050498092072188,0.25765501546306024,0
-0.41644403954172365,-1.3285733792032528,-0.9862571178040762,0.7225289693619893,-1.3400609136517412,1
-0.8165584676668473,-0.5357857330990067,0.74317867996794,0.6260243389892653,-0.051158669032834274,0
3.038406646990921,1.3543545178765284,-1.2579377042034234,0.23453897885592997,-0.6393740465284741,1
-0.7078311778990839,0.7489037381475168,-0.20320110563935367,-0.07352064431127697,0.061708556022293005,1
-1.5849792248862817,-0.7351486880800999,-0.7803225895309397,-0.9816732123487959,0.8008267177755988,0
-0.13092342154504005,0.8136733168767643,0.7895890257347715,-1.8202547720404896,1.2765905856690316,0
0.5091897965619685,0.5786718715374752,-0.0700774588422863,1.1590460499914992,-0.36492684860471236,1
0.10563792621121115,-1.2974775949708732,-0.6117661948455132,0.32467222990555294,-1.6262252784654379,1
-1.5936159535453003,-1.021537077409797,-1.080374668091059,0.9785533956587174,1.683632402621396,0
0.002156461148921085,0.6073634127760105,-1.4581786478079604,-2.388189397622191,-0.5817960185644322,1
0.5526877270466001,0.09040991207716753,0.5336694576214874,-0.96173141779845,0.13946373412001467,0
0.02582620688388796,0.5057757593213976,1.450308030953615,0.987848639868117,2.1270388483985294,0
-1.0545070105342351,-1.4859699255359629,-0.7027284629180259,-0.05422943481388518,0.2135823303320195,0
1.4016843630439977,-2.4331415377782815,1.2753182854057388,0.3435894679951728,-1.2395229160414818,0
-0.6229989545441115,0.2019531844528183,0.2910324973167691,-1.24023806715404,1.025762431921092,0
0.3605294223944266,0.8885576736440178,-0.43031887339780805,-2.707632249031544,0.16910703744144556,1
0.09340318024359354,-0.4455406428851678,-0.7698971491693359,1.39393484356843,-0.6851334596185378,1
-1.1245066725886061,-0.09415954937917663,-0.8163136308801544,-0.4090156881704516,-0.444615773592116,0
0.1415058333499472,2.2985044937219974,0.38755368524694045,0.19220801901385615,-0.339918854920707,1
1.216472554035042,1.674150633685668,0.5579067269179981,-0.919358697711998,1.9606031934408947,1
-0.2760266960446876,0.08153680595851116,0.5107463759224861,-1.6273794828853239,-0.5602711973878214,0
-1.8504672984485366,0.6255775087141678,-0.6459193266047225,-1.2406883442902823,-0.6557442079027812,0
-1.2398437281853851,0.7354926482489592,0.5855762468002103,-0.1543666853471587,0.3091106014371492,0
-1.573465326666188,-0.7118246956867893,0.6477729641641283,1.4732197990788827,-0.45044587059847635,0
-1.3863588565974638,-0.06620234469522975,-1.5193277879515068,0.7812545943431682,0.05237820439662942,1
-1.5548140598747717,-0.7746186210891295,-0.08191419892121983,-0.08542321067873088,1.9460567880457385,0
1.1043737146037427,0.3529412487772266,0.4512846204583177,0.5839173652813477,0.41833811668375903,1
0.1567160452532046,0.1890210287972829,-0.6775523545056922,0.19829291174359587,-0.6388391811329052,1
0.3136720714409793,0.4774962500002921,-1.5503232802991063,0.7778662861121202,0.5834100845400738,1
-0.38513553386560884,-0.9861830318173449,-1.039787070992962,-0.39404944945884995,0.6155204216580825,0
0.5997494928550371,-1.2447231360335032,1.7553733611203495,-2.16600169053236,1.6694486126331836,0
1.8265010121656884,1.1244713722281048,-0.27773816950043745,-1.1544679501090152,2.5480111887948644,1
-1.1648398409776834,0.45801341649631877,2.088169588094223,-1.0593023846234833,-0.3923641989984893,0
-0.848840366354517,0.045157982436373645,-2.1700085235198747,0.9019658749898871,-1.594665166975236,1
-1.5213772130053496,0.1773127737871684,2.198859008524328,0.5042924799357013,-0.08784410751324973,0
-0.043283874855042946,-0.4019759264879345,-0.580084553912616,0.3347593249815649,-1.5502617866455677,1
-0.5339677998052746,-0.7598141307863606,-0.6313369093287581,-0.181326940836883,-0.5032013228540948,0
-0.20496097079197256,-0.6429673766949544,1.037153083481979,-0.6350031956541222,1.7992470787145474,0
0.7855514080220086,-1.2189937128699297,0.2873289808574166,-1.4137862485348904,0.43709496088308797,0
-0.1896653533189335,-0.2447627295117349,-2.0207953596845347,0.6519999062444124,-1.2718206564299677,1
0.30542673174463003,-1.6677134768206257,-1.3620635149653193,0.7638407315184108,0.14097119501020675,0
0.30759531802018325,-0.04010169003062152,1.2170534831286164,-2.030328120679031,0.11364208311311004,0
0.6392246086908052,-2.3188162715843523,2.0439872938493107,0.29926264999672336,-0.8081858405026893,0
-0.13501662870469652,-1.1894735129965393,-0.21759381372412995,-0.8889797134770142,-0.6118393548898844,0
-0.522657603143274,0.4918758880457318,-1.1150245871092517,0.69964311993216,0.3791628830195539,1
0.3655051627682079,-0.37156362565929896,0.021282065530612595,1.3188525659657537,0.1612431078506419,1
1.9407616693561978,0.05030788982925022,-0.7105823237080515,0.21495115900852824,-0.1427581077740517,1
-1.7273684548369972,-0.36820215132814305,0.1511932020157361,-0.10715759096047017,-0.4469714846051297,0
-1.2619876441045437,0.8743542241195331,0.6456338838524184,-0.10980432137219588,1.8199133889723993,0
0.6270402942413664,-0.6716368979920131,1.6788991996971947,-1.9894051078260468,1.2834307580704905,0
-0.9484730346271538,0.6974877850951262,1.1033886331092628,0.8863904269691831,0.22157462247077528,0
2.0675605677115385,-1.4725424066975725,1.157186098596197,1.0021916835917821,-0.8107843465934975,0
-0.8762893652801923,-0.7874005301149464,-0.08505762252772503,0.34683384527303107,0.24699678261119187,0
-0.4048751474967029,-0.46435064497296435,-0.44217022879954476,0.40210832184221745,-0.45199853091639,1
0.2099034544455137,-0.07959618868709097,-0.555054634961211,0.40696579435983427,-0.06792343729617123,1
1.4241299970702501,-1.3977149900199444,1.1609864316885499,0.0036572553342057285,-1.013583238380433,0
-1.001801154709025,-0.22464926686922254,-0.04708711056168294,-0.14643357581279157,0.3042741165155682,0
0.4177290452247754,0.8413637506163796,-0.6277257506928087,-0.585936844388531,-1.132453303144066,1
-0.9996264614574563,-1.3034292146536066,0.42663377250320794,-0.713574315943665,0.9394396666011549,0
-1.3695618640348026,-0.1770271230911527,1.0574321813418321,-0.060386258096050555,0.47382471019218714,0
0.01901914610761973,-0.9444505802808719,1.3019844971649877,0.6823693661167108,-0.5841845170536933,0
0.3050368081314866,0.8185248513035226,0.8568858861537018,-0.6116302532805462,-0.19765544397545196,0
-0.7809069329806402,-0.08975141284703263,-1.04766236395781,-0.5811120629135209,-1.2303618603720663,1
0.25058928087206567,-0.09880563823535118,0.20811688172463905,1.6296187948420784,0.9570966729608508,0
0.6616638516469028,-1.0589584856990055,-0.39649994519233267,0.7143465481620332,0.8204911222727115,0
-1.0546124156259566,1.7076426121324384,-0.9081054980702197,0.22047073522107324,0.7631400159345672,1
-0.15445784124897932,3.207760975871974,2.311072512818459,-0.19512503565813039,-0.13675572528069233,1
-1.8857043949452017,-0.051958081614209374,-1.382286918755602,2.053932490173312,0.8828695336142459,1
0.9982953370149868,-0.6617453850401097,2.255333575390707,1.0111765328951638,-0.35566350756925225,0
-0.8961955663732296,-0.9062011867817105,-0.6784875309513233,0.2960610832579547,-0.21790098173527625,0
-0.09832572829795064,-0.5734414858748293,-0.978688060685845,-0.07760165918622455,0.3344417515467634,0
0.278146257384854,-0.781291237228548,0.4184401277640213,-0.4983458377674849,-0.0446971435342146,0
-0.1788780611350991,1.3688832349930495,-0.6565705123188577,-0.8357499920384566,-0.5138744231947205,1
1.6752643050110454,1.883091454045046,0.14982710499775906,1.0544887269899392,0.1454009011941839,1
1.3573962208417985,-0.11969187533446135,0.9497174561219494,1.6650443344688917,1.2871848032627544,0
0.40437161589304094,0.5577458709200693,0.439249395166999,-0.8631918438252656,0.1194285564745405,0
-0.38182326961138274,0.20303156185829296,0.4437150181741554,-0.5356454621648056,0.004288647365411686,0
-0.5068701165257752,1.5217628605859328,0.6604284788820688,-0.9657660491740462,-1.6308394282238006,1
-0.978294345918,-1.4069113773178596,0.6617772435887461,0.5924327640518795,0.5482383948669188,0
0.2770829933001179,0.3025830311673928,-1.7061454177826425,-1.0216993206897869,2.7302132127636014,0
-0.1279114094201537,0.09124311016764877,-0.2335003054100231,-0.6810343917039018,0.13875624597881606,0
-1.3376203704057277,0.2352467419751393,0.5468606116446603,0.6984719870597199,-1.9706346550480525,0
1.1327336413498865,-0.7495653798434182,1.558455145396627,-1.5941065852007366,1.602507959878867,0
0.4866618892642264,0.5764108608513984,0.1887958277373029,-0.10946141065240036,0.40658274647396114,1
1.9303316591144912,-0.4822062437905901,-1.0714378888001814,1.529591331192475,1.936082966499728,1
0.6583350750204124,-0.768036004241199,-0.9620866774077318,-1.5040321335046771,-0.5140410551530649,0
-0.35371285512536577,-0.7010451207944378,0.36749136553639067,0.3169942624699253,1.1647743463222202,0
1.5104648328495827,-0.06417508124221882,-1.0207439385193489,-2.170117157776704,-1.5050397624548315,1
0.9032072589169909,0.544784989049618,0.4225845510843479,-0.2973194775624065,-1.3116682488759608,1
-0.8069481839948065,-0.4531440920427193,0.8708664139149118,0.26533209754178627,0.16373866398724082,0
0.7228782105231287,0.029647044041625017,-0.9659806578706063,-0.4290683305011255,0.657399474405941,1
-0.331058621153317,-0.5881715544735556,-0.31147562459687334,-0.4095102553916041,0.14052112932110775,0
0.5329178797998169,1.071262611736234,-0.3742497860164962,-0.8772499600364094,-1.0770035488612704,1
1.1310191985154134,-1.35047508945583,0.7598226135662993,-0.06202880003454699,-0.5822418144844018,0
0.045416217973040546,-1.702694405528235,0.4894138814658856,0.39068312244253134,-0.4403004326558164,0
1.422988986196244,-0.6501719923508886,1.8017346147172468,-0.04860030633844173,-1.4636997220195296,0
0.7487610232368112,-0.892085350614395,0.8660608673413074,1.3988976339922552,0.3839996125718912,0
0.6644170225515827,1.5196330024357014,0.8840423044785621,0.7820745731959882,0.02998215174935653,1
0.3583222822343653,1.5294810859378372,-0.0435896423574034,1.6156452833544837,-2.654919309338256,1
-0.3038779080904979,0.3366094934916391,-1.2645393961861873,0.9512993555670785,-0.21546950800078218,1
0.26221548562040903,1.267970354358237,0.7283082150876204,0.2924635189623165,-1.688236086863999,1
0.6854655684445982,0.5890206368104774,-0.8112642399222619,-1.9856319226274328,-0.4240139590651615,1
-0.06903296934720816,-0.02103956876004292,0.7234230005138601,0.04691517856110761,0.7038087372781842,0
0.22613168924867466,1.3022132718134485,-1.622569436877174,0.18451809005134834,0.23015697601914473,1
0.8414468028182996,-0.11961635402868984,0.3846874032529966,-0.11400007563388008,0.23564689873803926,0
0.5650876312775205,1.1333306356486619,0.9508499242909184,0.6685647966683611,-0.34608327669911787,1
0.641469223749013,-0.10345063403772006,0.41389042774181084,-0.9273209188229227,-0.4685035196356677,0
1.5968762878672342,-1.355265580150914,-0.04230828484079108,-1.6835534377689836,-0.2600338619670229,0
-1.0958435766232621,1.4567816584243447,0.9939066118409321,0.2840766978360304,1.7317303458743085,0
2.035533358812587,1.7433727763828424,-0.2577207958366812,1.0006043777012372,0.6163795019473789,1
0.8773655069788854,-0.7357011985338375,0.030517909740447675,0.7016855545433502,-0.2399273791524863,1
-1.2118941356223418,0.5044970921107177,-0.4750750957532767,-0.11682767394219429,2.619129036656906,0
0.08709697088327002,-0.1376343289811318,1.1656262586267006,0.2568900774373407,0.30802389337244324,0
0.7137964864761149,-0.211642683646155,1.4524349501756268,-1.395144388534883,0.6640121282954013,0
-0.9949393155335214,0.6250290738863223,2.059484981949558,0.014609082370348001,-0.7595978842230285,0
-1.395294177780006,-0.39844130973372327,-0.35190796165409693,-0.8389495368337606,-0.19180839987347434,0
-0.6017839905858378,-0.07588647099801361,-0.2482144833720253,1.151247930258369,0.15655134931815473,0
0.9904072339866017,-0.47415877318578464,-0.7932436543496499,-0.7947983819587373,-1.8046370236836382,1
-0.3810147281036872,0.2969742321204567,0.32841839291511343,0.6759827754485137,1.9837904089249407,0
0.9531612413663848,1.1863889529284066,-1.2409241178842092,0.6125737101323379,0.6722818647439632,1
0.20372641415081313,0.7694489119196928,-1.6310121432062261,0.30379218437197986,0.9039815518585573,1
2.0722401977790046,-0.5017782079851216,0.02496131865936005,-0.7043502076343692,0.19347574619982205,0
0.5085578472806354,0.04976672081897261,-1.9852724695067405,0.6722818980366908,0.7821151852222368,1
1.178005191645829,0.9506947318342909,0.23654023535595023,-1.5964286764430846,-0.22686955161377767,1
1.017679830191648,0.8742145050487782,-1.1559415036270229,0.8435830835879417,-0.09502852711864512,1
0.6612679116657214,-0.7070460780270146,0.07478090258594765,0.46726382637007197,1.4283592759247143,0
1.620232444608569,0.7460711101746618,0.06818841206403886,-1.6682596053928718,-0.276745577856195,1
2.7253391900344517,0.4018515191094796,-0.5189316516884298,-0.033476470545703886,-1.802640605303599,1
-1.352948005018723,0.3335005768131823,-0.068884883067576,0.5118151890582013,-0.564827430801874,1
0.805179377256869,0.4900943875636089,0.36285444920730675,0.40142922138255055,-1.9615373518849997,1
1.024436050276224,-0.5705844241443371,0.8971321190767472,1.7554304973992907,-0.4327727697178188,0
-0.06022705605946372,0.955740716313799,-0.9979153837241329,0.5157622161420713,-0.5614784182172189,1
-0.019453513887629153,-0.7198792091721531,-2.4431318625533156,0.909836760301599,0.7080205109735374,1
-0.47129558796111454,-0.16714523158190972,-1.1190862474351027,-1.2474705582711674,0.7838456299218293,0
0.5090000972326643,-0.4383293163728346,0.7524929451360495,-1.4531038704399657,1.0256680347676774,0
0.5767803455917454,0.5046687210867278,1.067159005056481,-1.2510907702876355,-2.3507436408540126,1
0.29340811211591245,-1.4772267983217446,1.4762190127722816,-1.217990508920467,0.186968184691705,0
0.06859001187926458,-1.9726079060813886,1.4410665712211408,-0.5383081150200817,0.025752108658941897,0
0.6857103599226338,0.1892688083149344,-0.3763345638199818,-0.8652001136060721,0.05608934289122659,1
0.8590884498679782,-1.152107862913303,0.5829981174806969,0.6357398806570405,-1.9451507184965426,1
0.5137460725542833,0.5036169326144903,-0.005970109393909023,0.42318177776681565,1.5771570626041216,0
-1.5231726300329458,-0.5152375482376,0.3805861875759702,0.8618412692946099,-0.7107333167985337,0
0.7081808592067298,0.23906721150813257,-0.33317474408748227,0.6063951028338096,0.6512898400499013,1
0.7916161910552306,0.7580439257994742,1.1868560225510036,0.7275855107151911,0.32189563524087883,0
0.503616981766226,-0.4079535417686242,-1.4985678033609149,-0.2231450018352712,1.178673584097037,1
0.0781063886390456,0.26930287081289206,-1.2551428181742796,0.33959990378287497,-0.18577033431187892,1
-0.5109936587303007,-0.3199560755348221,0.42271560341083575,0.0730596234695334,-0.625152454575562,1
0.06078713576124531,0.2886190835465507,1.3594014350371963,-1.3642556971270594,-3.0554427385223497,1
0.7304803143597249,0.1842752058387115,-0.12378379007259278,-0.3192118283023134,-1.5115369495541677,1
-2.070367899254468,0.6880916804082337,-0.12293381463913257,0.5808108519322532,-0.6888338610819815,1
-0.01347499252499648,0.5857923244749851,0.11254082816101561,-1.0160675588823689,1.1686179410930484,0
1.6088862536428652,-0.26432049875541586,1.5903961616040474,0.6971249550399631,-0.16747221944416585,1
0.26497734070841183,-0.31819851881292954,0.36418860437113976,-0.1352707547890183,0.42845427067011527,0
-0.033541720237991436,-1.5741693716069198,1.1625693749707056,-0.7687566764528215,-0.8420029997970101,0
0.11111273557829865,-1.1173200437099382,0.3698517706694661,-0.629841996707825,-0.32246317594301094,0
-0.8130206897304887,2.9183794377365126,1.2428820553886564,-1.4080748072848184,-1.3551776356771026,1
-0.17750293551034235,-2.127277901369339,0.17171153077370996,1.4748296434694246,-1.507138785417137,0
0.1907166724855545,0.5138890125652857,1.4464522411290492,0.5821916506254871,-1.0818590231795557,1
2.3147534393030362,0.8726704053129414,0.9456370824502922,0.12857610471348904,-0.17201105483414766,1
1.782474234458154,-0.1723076811239381,0.7155147239906486,-1.3481323580029099,-0.9884635262667505,0
0.022365559052500796,0.6868415819064193,-0.31930902248312903,0.32921905293101383,-0.16060681925041512,1
0.40903809277592806,0.8247485020517845,1.8980337566265926,-0.26143246963846206,-0.785379795780516,1
0.6625826160674942,0.3764392441746423,-0.9518555187505605,-0.5398560824063587,-1.0914351303729741,1
-1.1416367144708273,1.495386786793498,0.8738533759662184,-0.2361038322037207,-0.0032808200764618913,1
-1.748295849027816,1.257702180964926,-0.9175489347584994,-0.6849375641186849,-0.6270058406187912,1
0.23871152927708122,1.249051523970922,0.7860033988363851,0.9985282985310783,0.29725629759993993,1
-1.479039752896747,-0.7510079224312587,1.3497710703056582,0.9120620355196664,-0.09297562255970346,0
1.1580867201954512,-1.14210437536482,0.4822352334323718,1.2187150571445933,0.45160046444199065,0
1.7262317917942236,0.9331503828872184,-0.24525411973234507,1.1707301740721818,-1.1386041983800697,1
-0.3424740863055636,-0.32817477531883427,-0.3307302837869808,2.146718635652657,0.3524405631851047,1
0.025539277122386354,1.4056409122108062,-0.087609137138054,0.46217339663037743,-1.0946211533474464,1
0.8450268072684249,-1.0591878505000714,0.8867986204564834,0.17124964534294684,0.5240804681665358,0
1.0676112582322348,-0.4246989489163264,1.27938813518793,0.06341411691432619,0.8241696334186643,0
2.382816294950581,0.7878808437244152,-0.02694680095877968,-0.2795835065906415,-0.007709128998250301,1
-0.3161969961999415,1.3202154073003547,-1.420966266863542,0.6006520192005408,-0.7683816668728689,1
-0.1690573257034964,1.7004256245669354,-1.3858897310794576,-1.680284707280075,1.4437363203960736,1
-0.14769252754564577,-1.3582713538494622,0.5865077471875485,-0.7577627471984093,-0.2259775669143532,0
0.14105205029031842,-2.0815095566083195,0.7641897312950948,0.216420226280827,0.47901277876749193,0
-0.47562567154947705,-0.5869552144715025,0.48589959542266653,-0.3782461154182013,-0.16987847481185975,0
-1.1569498376839984,-0.17923115616233729,2.0699443562816047,-1.9064850426084148,-1.083516566133126,0
-0.39745808833987456,-0.6599035614276425,-1.4469430155985084,0.14428359493482426,0.556189321382101,1
0.49782981373775953,-2.4385179227681557,-0.9777606724134787,1.6825579992944677,-0.613100319774634,0
-0.6412348374362599,-0.5047170670282402,0.5814992972430065,1.277195869408976,-0.008905704774597331,0
0.5661888612982324,-0.6780631301519005,-1.5523453309036501,-0.15722688903257578,-0.47700498796195406,1
-0.11852585158308733,1.505280378619173,0.6261540517367925,-1.069078916635141,1.8273830655371652,0
-0.5142769637707143,1.0481335188428524,-0.7152220231000262,-1.4675874255630017,-1.589791915055392,1
1.3402046540119965,-0.05528113861076073,1.0006118320668227,0.36807665193447775,-0.6765578788383807,1
0.9173864719819125,0.07171590353970587,0.26224700863274714,1.578130075402767,0.4785790763474637,1
-0.5963315429506407,1.707974608582085,1.9942021127813914,-0.8020094180384361,-0.5808144513187485,0
0.4576759793491229,0.7866861265072209,-0.2603075295110213,-0.6265976178617242,1.3948435218990554,1
0.3547610497103107,0.5675759880867849,1.0805006658782257,1.0858814279971403,-1.4104935093929987,1
-1.3381947579284772,-0.8709289536847465,-0.9762891158953524,1.1131079183990928,0.9143547846080083,0
-0.6273687401597867,0.4667862391429708,-2.104347491137044,-0.6132275998337969,-0.06133522608700269,1
-0.9026192641848317,-0.8031609992498782,-0.07508796838505696,-0.7492275417427275,0.653125010955487,0
0.46703393009098565,-1.7867901259578514,-1.2417640291441463,-2.159425397891856,-0.11645006886799092,0
0.32412291491195283,0.3113537791248423,0.617509421312352,-1.1879718610860652,1.010860305904375,0
0.06008224493267465,0.029308666837226043,-0.03183417377428206,0.19846723157315233,-0.17485107669412098,1
-1.5722899418793055,0.5211325609246381,-0.5427794610712185,-1.2202069612176176,-2.9079141923913774,1
-0.28991717767556435,0.1814135577590427,1.316139746526721,-1.0507810907927053,1.1118177349343346,0
-1.2459017666873111,0.4941477809670169,-1.9660508702473662,-2.133260272944166,0.7103615295316738,1
1.076397796407053,0.07886867712129404,-1.0903628451199174,-0.7487543606801735,0.650666050498517,1
-0.023065495695486344,0.8205220728217227,1.3890880614550658,0.5715174892054831,-0.01984532083057925,1
0.5147635990455453,1.8550677112442024,0.41406439899256864,0.2798716000954129,-0.021645258983184385,1
0.19959131732845384,1.1461970644177768,-1.0281513773244304,0.05700970155991585,0.39941031236041896,1
-0.8061297939671789,1.5239012686635731,0.49459638555741464,-1.4580931861375745,0.33812737388160835,1
-1.9480923878729288,-0.9089857783859326,-0.1523555664715359,-1.2614582948673756,0.5708462941509277,0
-0.6860580408273441,0.5884844399656985,0.2540590208936491,-0.5657561261729848,-1.0406804437338917,1
0.29276358759167037,-1.4581463181111223,1.279310992365785,-0.6970252758216324,0.6930518313805419,0
0.6969627471748845,0.7922633219177005,0.07662050535310164,1.455749573660632,0.3803205575136471,1
1.2065503252794958,-0.8474066446239293,1.7124202659915888,-1.819326139476382,0.4053751410011664,0
-1.9391011068298731,2.039514205451698,-1.1159450717890094,-0.23640400356328437,-0.30755457155031063,1
-0.18592759257269095,-0.33623391240330114,-0.1888288391686718,1.4167457539373658,-2.246264383016859,1
-0.40112308620558107,-1.9905193369457028,-1.020379828309796,-1.9470433906976996,-0.38239609185029777,0
1.1080598883269792,0.015801936169466575,-0.016940336877117,-0.3469952242286919,0.12526678339289776,1
-0.6066953157226485,-0.3537061056793315,-0.3267920656389615,1.322162731778179,0.5285287092875894,0
-1.2428202330969405,0.9190458005739895,2.124446973790159,1.06375429341419,-1.5524622113693238,1
0.5648137335892214,0.968578237085892,-0.3404486853341553,-0.6418696482745578,-1.1174212090349005,1
-1.3936595122243225,-0.09388122418995172,-0.915715773984387,-0.7697298005599382,1.2082143914437513,0
0.2763573489942201,-0.48561846110018503,-0.8578997275520159,-0.6135282617185365,-0.5098819328263947,0
-0.2523877395613232,-1.6267822056817927,0.3934864821048852,0.6642140851507026,-0.5143182013749198,0
0.3195212092341447,0.004680309917494667,-0.824399018684708,0.8468204454961769,0.19597114588481904,1
0.017011445860519683,-1.0634608622244035,-1.4543569911416394,1.6466127969622246,-0.8787813660315589,1
-1.070042288376501,0.6843024054587713,-1.1617431320587428,0.6840387491776636,0.4332490083281512,1
-0.008081157242002686,-1.6463904751034593,-1.132862584361799,0.6888078402565514,0.5747153911155585,0
-1.1967332956355983,1.1555218145589352,0.7877544913992502,0.64028319226407,0.5993168392584651,0
0.35834371111159885,-1.2572356927521398,0.5674604839532594,0.4603395099734961,-1.9035716454331166,0
-0.18280147037874486,-0.41722731941074664,1.4461228987489452,0.19688057466767137,1.0035793079889253,0
-1.3521664715649884,-0.6827016899695482,-0.2974897738907945,-0.8197396445011085,1.708001626483649,0
-1.7016854243703867,-0.6513259318271464,1.1920762632553839,-1.024464057598727,-0.4955004646078807,0
0.4780342195723603,0.4290953738623399,0.6020813218892201,2.1257658184130968,-1.1632456560076807,1
-0.7498000199226814,-0.8488727253047946,0.09275565943025758,0.4915971457390092,1.4693247233419011,0
0.18439822438395698,0.4343617243608488,0.21572885526925373,1.3192818499558716,-0.9843357349674792,1
1.0517140428150045,0.2642005823343111,1.3833861169742563,0.4536971715238792,1.0731891825849837,0
-0.596965738251865,0.46434271652142384,-0.46882596854710645,-0.7272841413649702,-1.1867643032315893,1
1.7284235640033894,1.3753575977838763,-1.3058802351488579,0.7083006466633034,-0.5341439500065556,1
-2.359155488856393,0.8471060096986561,-0.013182884007872417,1.2152115134422639,-1.4062189580332694,1
-1.3476896799337115,0.8504524549321559,-1.245862519604761,0.5658030091578459,0.5965971275395914,1
-0.7848769471339455,0.5836078054791055,-0.21158809063495534,0.37793875767242774,-0.6353454824748289,1
-0.44442544091667574,-0.7613444684636026,-0.014674493254065443,-0.2305508956208341,-0.40277898261487827,0
0.46807528492511047,0.2676071202373939,0.9796728123518967,1.7202109783527444,0.9860717710375959,0
-0.21320960478421175,1.097119585218454,0.8216654100334572,0.8366882616815622,1.2777313041606284,0
-0.05798133426458097,1.1256675092631916,0.0789153883191398,-0.7815451675801112,0.961822150238472,1
0.09736756398047552,0.6014086952323606,-0.8296295866830521,2.1629372279319585,-1.0381383404654525,1
-1.025005421178124,1.9302455031271069,-1.8371674809494591,-0.6267609400105205,0.34069481938196705,1
-0.613386107452894,-0.5311556832864195,-0.6479534986619385,1.2261044309862157,1.3929743783643722,0
0.24793215141051142,-1.1488791340555646,-0.26153760309147417,1.0605890777726168,0.7679917950683653,0
-0.561570046765804,0.8546794451833529,-1.2425072423679082,1.4989512158160352,-0.016041492282866266,1
-0.7469773475502673,-0.21118433681008766,-0.9361359765152509,0.9162176909055157,1.0069905452715986,0
-1.768108284908022,-0.3612072364051748,-0.1319021030483282,-0.41936512958080074,-1.2164883262190425,0
-0.17300636116376752,-0.7701625176326156,-1.3933423781924892,-0.7649595114077535,-0.06340717891568806,1
0.3064445391458107,1.6910811772532193,0.23427820249774275,2.6910980608056976,0.5363620873124315,1
0.7634980150655978,0.44997490765264564,-0.7441687716854091,0.23052387116382414,-1.8916342137887112,1
-0.32977430388812734,1.6584090333499097,-0.26839751253769123,-1.5657762166537108,-0.27642554944736436,1
-0.45574433849013735,-0.44281772650805623,0.23549292792613644,-1.9911055382761518,-1.7583989838451937,0
-1.056534490965909,-2.859874945715012,0.4309971211528062,0.9304629364794227,-2.3976207395353657,0
1.555114317650449,-1.1909178949758217,-1.4787943181032828,0.22581096021045804,1.0188619319464247,1
0.12522830568255017,-0.4070639560449325,0.11527062233841977,0.556467657860922,0.01873498750031326,0
1.3766645678070926,0.8417659474341739,0.8692942934190969,-1.0088993036528031,-0.10975615921898922,1
0.43541025162548486,0.782302067246464,0.45230901815280555,1.729563005525011,-0.035824135053106915,1
0.19696754062983726,-0.6255898947919777,-0.493737018643675,-0.3391682498804057,0.394750959372109,0
1.2331203423350785,-0.6473158830071041,0.2726973560105263,-0.8732442696007781,2.1189903192349453,0
0.1061501117039431,0.5908333766873187,1.9780524492430904,-1.6291380507210809,1.5900548864488684,0
0.7471844451807443,0.5086488168252857,-0.9897065131324528,0.09605685411137824,0.7225912536987935,1
-0.08771832266170378,0.3423649746342379,0.18379056379710065,0.7287760029845703,-0.4665278589012755,1
-0.09078080063231272,1.3205742209699627,-1.300757350991776,-1.4558241504041387,-0.6149210511295483,1
-1.0896628129937527,-0.1959477486404412,-0.31706614863391636,0.8015853421847439,1.2825703815902132,0
0.5256928420715781,-2.1284061733755055,-0.5395305177766185,-0.5896083288908281,0.45005039786452355,0
0.7006223197612362,0.24515178612285946,0.9499807639356276,0.2908047738224684,-0.6438136623236109,1
0.02972218215727762,-2.0295833653494153,-0.3293868066627776,1.6972962138112972,0.33111272535564423,0
-0.2736143786251356,0.8474835810499087,-0.056721687247334986,-1.4641947971656992,-0.08272113048438479,1
-0.15405628119326972,-0.615991845651588,1.6655143711252054,-0.8948383607080013,0.005415838361682078,0
1.7873678723833635,-0.19902354029904556,-0.8591798730238329,-0.6831979790846268,-1.121912200933869,1
1.4795566908618862,1.844126774007309,-0.11150981077164943,-1.291903712377183,2.0695914047827717,1
0.5292986649465385,-2.5787573582337875,-0.004205450458163829,0.3330092526864579,0.8958013723983486,0
-0.017979316125614157,-0.08998213755158199,1.2183717030646386,-1.123515604413249,-0.7941794885467937,0
-0.3943574991153723,0.2361714161058773,0.0050543866920010685,0.094339299128119,-0.8046898818436165,1
-1.1366699952676678,-1.6452478642013828,-1.8098472103791887,-1.4126099309890583,-0.7405799858476532,0
0.3618412248349463,2.3812700365622566,-0.06548393618169886,0.20159317067575985,1.0224247536324043,1
0.8042451350295418,-0.25898392313779894,-0.28866029937398385,0.8126934691100087,0.3104771587902329,1
0.5801638957990424,-0.3903390742165085,0.25080061690185945,-0.2565345841399582,-0.02232243393903954,0
0.24159112958869217,-0.27402354523679306,1.3553072379795337,-0.2147287552717401,0.2020632196211966,0
-1.301188260451059,-0.5865636357571222,-0.04480604140830114,-0.45215900103374485,-0.7239486001777321,0
0.7851110093465273,-0.27710790863850626,-0.2551280257691576,1.0159583500751213,-0.7435378413045636,1
-0.2538463470997679,0.36256728980947067,-0.5806054075728662,-1.89499571705004,0.24035079090048875,0
-1.8921357332724837,-0.010499373732346216,0.05291414792703145,2.547529020510289,-0.22294244878154051,1
2.063949033871493,-1.56681590543365,0.1780046303532704,2.091608429779993,-0.023404818126465016,0
0.6272949302774102,-1.9777412592858021,0.17972635079304103,-0.6932547663632221,0.823828649153285,0
-1.5754177186191243,-0.6045328306189756,0.7277691147122668,-0.21117090520392637,-0.49567761495766266,0
-2.594818382211944,0.39787472978612376,-0.10286271642259721,-0.5408057608615408,0.21377344611255453,0
0.9539157457919003,1.6058095426164607,-1.2476965822750465,-0.6213647741678748,-0.05667324615446262,1
-1.1698924038374605,1.0568001992260643,-0.5994535833135042,-0.9772068803225226,-0.20847203282324886,1
-0.24415591191312228,0.5831007315846369,0.30510363409231944,3.185971791559999,1.0914756698107397,1
0.6229626831553916,-0.7760865169074829,0.8919303490347402,-0.6619270590657834,0.2234267098866743,0
-0.8482332213306217,1.3969293181078208,0.6935582300245128,-0.46640981204530374,-0.510617718214368,1
0.569345922031481,0.5084012996533395,0.042408906576139924,0.00036993554749097937,-0.6917880254186034,1
1.4854668152227424,-0.30933770545053896,-0.22024985589989834,-0.6579408556721179,-0.31880138488034954,1
-0.30397983717565996,1.1436282743704647,-2.8583235160782867,-0.024180463328527503,-0.13623649970388924,1
0.7316514259795946,-1.8637730921956877,1.3168478194958215,0.06841785563677444,-0.44248923661821,0
0.019813783179783138,1.6657083614798274,0.32085389595302916,-0.23417115529578564,0.8007573259828521,1
-0.6647458444965832,-0.1266510004162594,-0.8037086146238586,-0.3263236856348423,-1.9274150003731472,1
-1.563683798495922,-1.8348035905882814,1.8720856135115924,0.3970911521844605,-0.9001531095379599,0
1.2467180162281,-0.6411133040527556,-0.7439806010482757,1.1297149409515508,0.39590850729764515,1
-0.3093460142641702,-0.5471691159851803,0.32656049716630003,0.9607375237986814,-0.2533596267790283,0
1.3791345143392864,-0.5377415154879318,-0.21779335556807797,-1.752749830907335,-0.8376123376343805,1
0.5812462208525895,-0.1868005137166533,0.0756218164713808,-0.7620992073043611,1.7212270957016487,0
-1.5288241079835687,0.08308437252311725,-1.0748498385601528,0.4841800715018011,-0.9513813550245623,1
0.7771971731946394,0.43437422255622893,-0.9790781217577937,-0.056433500009244505,-0.033826883560251625,1
-1.139713234318707,0.8523276563389598,0.4120301087502865,0.10446940483116515,0.3578868767996397,0
1.057842391848791,-0.010506641575665302,-0.8935801285663678,-0.1760620327561354,-0.7765295628085214,1
0.3851511078613209,2.469447126532649,-0.013695880949089599,0.8625947346843793,0.05176665511573554,1
-0.658001794103697,-0.04451840496078111,-1.0709687597755324,-2.5975473677281484,0.17062138185635498,0
0.7139046179254849,-1.0957228155858514,-0.5345607731058236,0.5005467931758183,-1.254657658620285,1
1.0331071629685022,0.15821061147719362,0.016417727264751797,-0.37138593766275757,1.5361538797473244,1
0.14779531069524748,-0.8516337576002444,-0.7231357967338615,1.2237379950439728,1.4088354893512813,0
-1.548778708843801,1.349882896939745,-0.6213004060887012,0.5162151344690327,-1.596209166905929,1
-0.4868810828406626,-0.47416040704204543,1.1474318382963995,0.30060769043158725,1.2398324372289986,0
0.6163700619646238,-1.035256202620115,-0.15063953760008397,0.11779668984610635,0.48519464744019686,0
-1.2063578931216918,0.049146338364150464,-0.7811573420093385,0.23549080065340453,-1.589056999868047,1
-1.368815540046802,-1.559542035496519,-1.2305508885894927,0.15841435801890408,-0.9246942383986971,0
-0.6840261765862674,-0.38725686987089686,-0.5341268926178219,0.1510434470152048,-0.8541935166197394,1
-0.44609047609053143,1.7147156957419554,-0.8990603510045794,0.7934296809940353,0.32670930689157196,1
0.541625958607349,-1.1466709949079827,1.111916811343535,0.7349251377803123,0.6893270374797512,0
0.47722310183041966,0.5542685753583322,0.5438444877117997,-0.2713545466749556,-0.15590915347333212,1
-0.24873549380273077,-0.3241460536424463,0.4839373651443271,0.7048221505484945,-0.870697425440046,0
-0.2698326056662638,-2.2501732566675074,-1.5298472607087528,1.4105502541336745,1.6178625389666113,0
2.4095997058119365,1.3781320716055256,0.5589397776211567,0.6098299806613675,0.8248127315498421,1
-0.07479905130693995,-1.1609245317753607,1.4500909647823812,1.867182756041584,-1.7160598892420378,0
-0.7037335608502987,0.5286917544292202,0.31558060842638097,0.16733011256276686,-1.0272488763664172,1
-0.3815491664477754,-0.039444140679484756,0.3319354416525245,0.9173639075322664,-0.025979666221947303,0
0.674120085074702,-1.1199763666945675,0.7506530356167865,0.19985606347312715,0.4437157638135661,0
-0.6602471666625038,1.386195896951823,-0.25880820487123946,0.2924323729347424,0.23059685123415755,1
-1.6687777469872316,1.5211281084856147,-0.16634076640457213,-0.4496481636825077,-1.0442368510950975,1
1.0612785419967985,-0.9947965950213482,0.12599251678357595,-0.7330090717856035,1.167090183224788,0
0.6884326541316579,1.1706124505721056,-0.2814112343323034,-0.36016978730522975,0.4708717981894229,1
-1.7797305054753891,-1.5863850949392682,0.040712297947796516,0.26238811632793146,-0.9362451616112331,0
0.10463164177689606,-0.8690712585318108,-1.3441084510770234,-0.20308051312726766,0.8931763875735109,0
-1.6610822840457495,0.203516459660349,-0.04409656215613074,0.14542312516121686,-0.5533369950115172,0
-0.27952840543837665,-0.23655853643416427,-0.2502193046817986,-0.07100687972574876,0.45013111495316155,0
0.6454424895350185,-1.5901182066598465,0.4749014268507232,-1.101145117186608,0.794121994993738,0
-1.849105045462212,0.12881781189613556,-0.16847556362285068,0.6892525527953238,0.1833824776578947,0
-1.2518161194255408,0.6739346675731772,0.6674786197816589,0.3914785752475863,-1.0265275541156473,1
0.5889120745552856,-0.5330710579368929,-0.4225187282907147,-0.9679792970413446,-0.06171618301753699,0
0.1952113994085854,-0.8742725152647299,-1.5637740608239636,0.2605769023883163,1.075748401179233,0
0.986269085854422,-0.2666922443120886,0.7554569032152899,-0.30952061141231574,-0.09015686561760426,0
0.43781788683764145,-1.057677130683995,1.409909452443238,-0.10919481952178478,-0.011332241012593728,0
-0.010451825707887476,-0.8675656040153841,0.0685610595277297,-0.7091995326699767,0.9467471760237682,0
0.20222332890339856,-0.43484837123777026,0.1789570487650883,1.5580763789302003,0.5765345388793728,0
0.5102158174349777,-0.8055819750238329,2.186676100898522,0.5846847013241906,-0.6119644438661956,0
-0.366184528933412,-0.2232892398921743,-1.9064127111130447,-0.4785957696925723,-1.0719914206010936,1
-0.33036870320924816,0.9608221196435286,0.45704172423281886,-1.2300093723664134,0.14236277124665722,1
-0.8851262596048821,0.04333671842852049,-0.01675816756325202,1.1191637281761262,0.4453788552356004,0
-0.286373813207901,-1.5230440553407938,0.8796276409852811,-0.08767524204345399,-0.21103891810155176,0
-1.1532319796196464,-1.75808368883585,0.5363888044892504,0.7803204240021814,-0.6078187129404143,0
0.48673709103522117,0.006455430713953163,0.3008146619084778,1.8736238766422142,-0.3737451322679012,1
-0.11883144116390244,-0.4350601295348409,-0.1677014100254528,-0.3912644920407268,-1.3808152067197494,1
-1.1718367670876113,-0.03349870415768387,-1.05859181247406,0.4839882033805848,0.2612803216903917,1
-0.461427276038365,-1.670633032513488,1.3525835952855076,-0.12573740512787857,1.2099407884599416,0
-0.4791431366156711,-0.5674927402015849,-0.8756129231901257,0.04336408163881083,-0.8627398401449197,1
0.10601128257492368,1.2594593231650402,-0.8578557813279306,0.5566557249259545,0.1699709558497592,1
1.0787265772710168,0.615170229058418,-1.1049987064139926,-0.3350834908298995,1.1851754077269658,1
0.23138909340327585,-0.729281496032154,-2.207721580106406,1.2318866513344426,0.9299816011221085,1
-1.1450113202563612,-0.26309430942025275,-0.3098581842879118,-1.2612324195688278,0.359497166506547,0
1.1792029906674655,1.0210714538995553,0.915599540006886,-0.4836379215596882,-1.112103087132004,1
-0.020934727995595592,-0.9680108868179975,-0.5147234313735026,0.8648028570617131,0.5175504846893757,0
0.035219441482556124,0.12522170945516672,-0.1875243929869376,0.4035266197146417,0.6639491421339725,0
0.20191447245253627,-1.4763424730743704,1.5471185883702627,1.8554445157948254,-0.6441656428731224,0
-1.8152536865934799,-1.2438841362926,-0.6353263901936471,0.0201026455099884,0.4884209265897918,0
-0.40805647294082364,0.7052948064001135,2.820171679943782,-0.11516264050101936,0.3638336765393201,0
-0.573530383072346,-2.3849194108419756,-0.14250147408180963,1.468493765103901,0.8977503156276646,0
0.7053439947771719,-0.2209531617361408,-0.38416384095700096,0.7303400179677957,0.4148863495854889,1
0.35642748788191286,2.327783600019018,-0.7269762797960926,-0.43901251221649384,-0.09345997302621864,1
-0.3148541939019432,1.7826171561193613,0.2235460111174525,0.5092253024276558,0.6369666827400017,1
-0.29205110049866073,1.369700588496813,-0.15835140378279158,0.12327312025848397,-0.20361681235272713,1
0.5080558087498246,-0.2398725867240184,0.7346560315167183,0.6312066611830758,-0.9674261229371802,1
-1.792656984820313,0.7633797596477193,-0.10249549658305329,0.42819803091641556,-0.8957349947634216,1
-0.5485927182229996,-1.3326932235615694,-0.09629005242957427,2.6683103464083233,-0.8354126851248058,0
-1.3176735619128268,-0.38975789748521605,0.12494595592949159,-0.4783396219008114,-0.24928450768740962,0
0.3357214430111039,-0.39316803458397265,0.6281334126752778,2.3478474856640386,0.1519928259869776,1
-0.30216258429283893,-0.8098183728263525,-0.8984087927979586,0.547672829047897,1.2010882612219296,0
-0.5549643084693577,-0.7878010987249039,0.07091045976669667,0.8865974192414233,0.10910597895372932,0
0.9902167205245302,1.387169589405524,0.7062629787011362,0.4382893253327687,0.35014041557417197,1
1.0629678925945638,0.2229582126758662,0.2029137992574537,-1.1390152704500993,0.2040729485937004,1
1.060633357134344,2.3423479377684635,-0.7972447497569525,-1.4391551816178791,0.27417590591103314,1
0.1642495164416038,0.06568667524655551,0.16655260648507303,0.24603469655462967,-0.2538420917590389,1
0.4426854798742388,-0.32157162340613155,0.1636613045515323,-1.0053483102030345,-0.23721972594073484,0
0.42436196908970625,-0.16860719468672514,0.9827259833218345,1.2244135563153091,2.564245685963914,0
-0.8779453006920238,-2.1024247812354333,-0.7301006521985239,-0.22590563518641268,-1.019264844039303,0
-1.6655389118351187,-0.44826480690855697,-1.9922885647843547,0.7719663241634229,-2.0992078056518793,1
-0.9792780337813207,0.42919090217642347,-0.8680854820284449,0.09433336538453178,-1.297108423782887,1
0.700165857817522,-0.5380355731907718,0.6277575425075025,1.0016243064708628,0.5927689266589729,0
-1.1773238510817376,0.2969131034816021,-0.8566883482581431,0.5669323942408054,-0.06420694230090224,1
0.05754720149709577,0.5369724868691287,-0.07842392707279923,0.49756745909731503,0.034378875035014175,1
0.9276940768532579,-0.49234254572098735,0.08897193474645168,-0.48635343131867187,-0.4655358423678758,0
1.6835377241778604,1.24290842624214,-0.06988957991091145,0.979737370275311,-0.3974179966300422,1
0.07476476408159329,1.6186375964229316,-1.3941282529268861,-1.773432839448246,-0.08587032597238536,1
0.7507158213526379,-0.7450905049837467,-0.2455186661006397,-0.5102969102298783,0.05181152068187769,0
-0.9239705257848243,0.5225451835421326,0.5085830767205698,0.5271708849096282,3.8298035056492643,0
0.5335238449518062,-1.0053589306562651,-0.1988221801165546,-0.9150071684724845,-1.4156335792805073,0
-1.6460188438223684,0.5504252889812314,-0.6733077117534244,0.5847795493715642,-0.7949208059000947,1
-0.5089132015898422,1.4028129169005799,2.302012368943785,-0.3832334345519854,-0.47656296074535454,0
-1.4639155183410801,-2.498215773864097,0.9310763711791956,-1.4244645529507975,-0.2554081965626592,0
0.5903053533134373,-0.6087267853326902,-0.2446660927192034,0.764796485702423,0.39212613960699744,0
-1.3951919768316163,0.23070026744098154,1.006578393000422,-0.8831940437119395,-1.5320696951691184,0
1.622905579830431,-0.8708791012033333,0.6337696103305325,-0.3477457924682651,0.5741111608478062,0
-1.1311024799071965,0.09946942810875668,-3.012668829820644,-0.20077389198160767,-1.6637757015876562,1
-0.4011482205402136,-0.9645788072382036,0.646573304327626,0.8832944344789121,-0.2652820110538209,0
1.6161200105452644,-0.20197304979726502,0.06209632344986055,0.1927761125778172,2.366418087253517,0
-0.4390618273477544,0.8585478762756417,0.20749455662000646,-1.2988374497058546,0.14329106374158407,1
0.15006965326250807,0.3519871013473807,1.8773155313656205,0.9786739477853172,-0.6082127119323311,0
-0.39675385562718135,-0.9245250391083604,0.41797599646087896,2.131968730139487,-1.099770263407219,0
0.3282045005883495,0.8360371955377185,-2.0106214558530024,0.3809572702125831,1.1997742697695306,1
1.8539779998489008,-0.7460393509623067,-1.2580504302026698,-1.8515612615377266,1.4686573671012422,0
-0.31245575837724265,-0.7532908344820182,-0.2686072747244036,1.6507952353210724,0.773428593860361,0
-0.850607571784581,-0.015115340686381009,0.010504131422893762,0.4831823498113565,-1.399662049803939,1
1.1668934581911328,-0.6018638794486837,0.0378367246691303,0.04613948831668529,-0.5329511196394843,1
-0.5228947295357472,-1.5276393552116245,0.34072867006913404,2.5976330906119376,-1.87377678363168,0
1.9294450669938976,-0.5020230436071385,0.17098158800967486,0.40836089718167234,0.10109563921041165,1
1.3534903456745897,-1.0534008620971738,1.2536560490551172,0.9739510598695171,-0.9325118387656253,0
1.4642873501394904,-0.26317220875831615,-0.5758081615609155,-0.49572873339136975,0.6895591736261698,1
0.8159832553675364,-0.8379145234144496,-0.6687794418007228,-0.32193129619431476,-1.3786349008051917,1
0.023971371404528232,-1.3678917151844057,-0.9971790484131664,0.1990845291581951,-0.10943446917506412,0
-1.0596665253353845,1.6656647718734263,-0.9575088298837168,-1.203026997415247,1.1092488649298422,1
0.23066188782606217,-1.4097452408572853,-1.421618054440583,-0.7520112014085281,-0.24406853173745122,0
-0.15460749921762704,-0.16536849543413445,-0.8572099131096109,-0.02157606219074541,-0.0929842837106349,1
-2.4976175014161126,0.6869562708423497,0.11916910236742673,-0.23767051433710065,2.0205174238331867,0
1.0491775055297319,0.5392496005853206,0.3557494131709828,1.8194700206205934,-0.03053179439642234,1
0.5408019691076055,0.021919536363903903,-0.44601576537787196,-0.12062474852154804,-0.11874767424684293,1
1.455118300156734,-0.5788974822787656,-0.23821484286943498,-1.7071676855657494,-0.4234312075544728,0
-0.7088298154449345,-0.43780669360646035,1.054450841537174,0.3493915155993746,-1.7965934358644577,0
-0.3103192906553233,0.6216990916410968,1.201896840804465,-0.15156640282367798,-0.4812585717278701,0
-2.0080547476998514,0.06234574529872012,-0.25782899378413027,-1.7418149654562118,0.37476012611008513,0
0.5098104433222377,0.8226471216626452,0.3182546781992639,-0.5594132101730871,0.8110350183692528,0
1.1919167244873397,0.7807969305579237,0.46124859169376264,1.570391466376898,-0.9809294423638538,1
-0.6276448896944852,0.22887841122986974,-0.31236010741993614,-0.23392820028855346,0.7374752133148771,0
-0.9733667362233733,-0.8179537428209706,1.247844393041675,0.8012622743963161,-0.06931087438555673,0
-0.8115648653899499,-0.6922183039244271,2.0517658099713127,-0.006246740379902264,0.7533922987828763,0
-1.1033239294032153,-0.3717516691178601,0.1719305996418086,1.2677916808710312,0.5740182392343918,0
0.04169819413499296,-0.675369360728753,-0.6735861616842358,-1.4615144860704647,1.7226694936965972,0
-0.8850736437559262,0.4997921071749642,-1.333981066095975,1.892343579493437,1.1514541467975474,1
-1.5618604990518326,0.2785297689542898,0.5034985693770053,-1.6467149578619074,0.8665142389926856,0
-0.899282319758271,-0.39527685696742987,0.33806023904314114,0.35428992812747495,-0.929746330068267,0
0.34769704219660424,0.4971029702862375,0.6300820520449035,1.1438497463087367,0.38037652417415746,1
-0.36315921882807595,0.386776464357196,-0.03699583782871577,1.1608057959862197,-0.08170849115394596,1
-0.12461554328299407,-0.9249363381910015,-1.6215276914260293,0.20404534735120688,-0.7879993236134181,1
0.39190433780240913,-0.9269329964496551,-0.5996747074340898,-0.4825820722715313,0.8281058720170659,0
0.8647581760716624,-0.6239630735301459,-1.216403442256568,-1.0875979733264205,-0.5183422595934697,1
0.8594655634128967,-0.4327875281324655,-0.9009806257488812,0.9837313080257051,0.8474867846234021,1
1.30572384665147,1.4129074259972414,-0.6108177180235245,-1.9426339224279734,0.9792024232825497,1
-1.232480509758181,0.6106200317057887,0.8788473073245092,-0.47579121115206957,-0.5011490171938144,0
-0.9573614196680479,-1.3423542693331036,-0.6372338831836467,0.8873828202979114,0.9247108730314751,0
1.8780550267654614,-0.04411006242060187,-0.7193040299821648,-1.5767392363098427,-1.8367688268759013,1
-1.7514678401155548,-0.06373587326472727,-0.8445340807995108,0.9423426954630824,-0.5807975581033317,1
-0.20154186096268203,-0.7192558225340347,-0.1851944659313957,-1.612936029612751,-0.522300560683119,0
-0.487781882818477,1.0956661105796515,-1.5805393171043893,-3.1259938885901737,0.5420425753451267,1
0.9035012670177296,-1.5058572443728597,1.5896496049725495,0.5883807296223793,1.3720252136002524,0
-0.5766581089615856,0.3395365495518769,1.2510831420356012,-0.4717823033437509,-0.7237776266910568,0
2.1284870091501684,-0.2947470567240733,-0.953003758107978,0.24824402745325805,-0.8340155057599101,1
0.9469951047504986,-0.7628635183972731,0.026569861245387662,-1.422538867808698,0.6726045136713829,0
1.915301639116173,-0.9690238180774585,-0.6884993754451059,0.5259888271989882,0.149704030540986,1
0.6707284041852618,-0.46465103638045985,2.159762768837931,-0.6351062602088021,0.7132819219199187,0
-0.3285075629723052,-0.4518885613206877,-0.6639698807151375,1.8238941586161173,0.3755304264847278,1
-0.6923792004654715,-0.01884090189731766,1.7714543913667822,-0.6571456022958289,1.785660264841148,0
-0.7805594266605319,-0.09733647666581517,0.4997434103868087,0.8908690647258068,-1.2327849507784183,1
0.4876703871435555,0.3002256104197736,2.4591430869282167,-0.668317572265758,-0.5622191537051415,0
-1.7178865139667305,-0.52186853691485,-1.1048062495615434,0.13339660821574795,0.9661113868932525,0
-0.15482867445065382,-0.01127762106208657,-0.9452128859490896,-0.4666568664663182,-0.916694329325999,1
0.6418930820455503,-0.14889550481430142,0.13980056459370907,1.2442448094302683,-0.8486988787526579,1
0.8374832680541863,-0.0978166073919562,-0.39433308219068475,0.5539896367434193,0.8476093908232687,1
-0.37255261936669715,-0.18478517438351844,-0.5919877412589482,-1.0592995198040884,-0.680723536028013,1
0.4708715706384883,-0.7674653732624155,0.41877457216385067,1.3199588890726446,-2.251230689774801,1
0.3848879823334174,1.2454805734824619,-1.3465837019192997,-0.36933787593189915,-0.8042480122859139,1
-0.40271331287161055,0.7167338469828975,2.2846857286883493,-0.6474747969475935,-1.5681621418334823,0
-0.4888220050376226,-0.16410375525066642,-1.0021668463145,-0.043259190241665746,-0.8427528424686851,1
-0.5098648277188917,1.3200618387874514,0.8233724058912654,0.1568710387631586,-1.30454305804246,1
0.04746689713412752,-1.3229025919092934,0.7421337951655083,0.6624389207781057,2.137130171377647,0
0.6319074754841729,-1.619829128585182,-0.07398435893810325,-1.2628287003084433,-0.6832869396812876,0
-1.5481305283851932,-0.7001199594690295,-0.25626854803610866,-0.08414539404582916,0.5916289091007275,0
-2.588982344609454,2.5245777236744056,0.5259035452559334,0.1474365466360792,1.1535857680032822,1
-2.180690549582138,0.24751254764028688,0.7668600924861021,-1.5403098962558395,1.115700549600661,0
0.41265545038486573,-0.037460194501251605,-0.9944769719565313,1.1564581095817488,2.294212816333453,0
-1.0002329205739375,-0.7825255356119344,-1.2710337968286394,-0.24964311740617368,0.4370232174103259,0
-1.3542994414157201,1.372420014915123,0.10876754819614723,0.39708114133527056,-2.254839674824624,1
-0.5665023306088055,0.135691873552578,2.5644156923455377,-0.10657293786979793,1.1212302754141439,0
0.048416484575785346,-0.8313031556177264,-0.393943933312724,1.0366123797139077,-0.608200903493165,1
0.37609742070746544,0.6952275015951367,0.25925786061613576,0.675172746073299,-0.0998813727936534,1
2.027858772383649,1.087269542286129,-0.3856506535011588,0.012561280482604827,-1.2040886989598412,1
-1.4020874655981839,-0.6208208640482994,-1.0941837906340757,1.7426807504844466,0.8530903311862446,0
0.1830746763337356,2.666339900774675,0.3438331140489,-1.0482009646992625,-0.12586239809039612,1
1.0838953408893375,-2.141243882544011,1.5340348121573821,1.1569935988063338,-0.49085203970670727,0
-1.1704895514801272,0.32055335296571785,0.6291330634322969,0.42217191383077535,-0.2158557598614909,0
0.1791856510669272,1.3857401544830346,0.9149985040159065,-1.6356288840077366,-1.0217180863389,1
-0.8098721202952639,0.2554584266193155,0.2385112249748311,-0.5326758758412674,-0.5021470598286342,0
-1.429122085565805,-0.8917846373627352,-1.016231652095815,0.20798993474396268,0.039258011375598825,0
1.0592171571791607,0.2032399386022447,0.9380996113406983,-1.0777248123215055,0.3684624177309247,0
-1.2511567234142595,1.6913761839928299,0.19567479416332434,1.6853481944429207,-0.7646374556094986,1
-1.1251784092221313,-0.17502007317623808,-0.7277587930681373,-1.9426304646339771,-0.11305464976443662,0
0.49187773400899587,-0.12049485061898009,0.6431095372085575,1.5724900535409925,-0.2648139318651007,1
1.6193957658665676,1.6669520210208773,-0.5637641808219568,0.5831041163859508,1.601260095336824,1
0.7823607954415968,-0.8795081471962837,1.401733467085323,-1.460732340159567,0.5577499258244946,0
-1.57234214364848,0.42969101119240566,-0.588210085070394,0.906830713961189,-0.0288893313039754,1
-0.25136537695054645,-0.514000036438967,0.7939643759875543,-1.935163927382993,0.01536001997223685,0
-0.3197332114786256,-0.146156333144692,0.20548484542614753,-1.0371088771968409,-1.0480184442593352,0
-0.46978684991208114,-1.2198263767415214,-0.13584612891213005,-0.5883281402554835,-2.9652088685281845,0
-2.0533351906632227,0.5600605253248061,-0.5583511340009164,1.9877379302076847,-0.8062981050919954,1
0.0735599862223655,0.08764561529288503,-0.1585396786829457,1.228895073940884,-0.1140938863405702,1
1.4982719979339032,0.6082606687567523,0.06477580832285272,-0.22702432389175853,-0.9839370613668149,1
-0.7192151397520958,0.22865740789746325,0.038187482228976936,-0.6826913418902644,2.1177830007993044,0
0.3806967551868631,-0.016583180838729977,-2.0846713233464356,-0.09937601601715551,-1.3371551444606293,1
-0.23647887329853018,0.6776096055628978,1.901137100784158,-0.1445015283906441,-1.0065906867621872,0
-0.23100472895435695,-0.9091116188024903,1.1168629723116992,-0.3123176418467321,1.4252866964224564,0
-0.6740742489055825,0.7938075952313518,-1.9868795265894421,0.9187054775291872,-1.2436810499863566,1
0.34478190978374607,-0.4639789158541145,-0.6864529938833405,0.028462616539409236,-1.1195205859553363,1
-0.8357388858960689,0.579725433757071,-1.8017838100163035,-0.37990568509123035,0.27145951967739196,1
1.1862586511848359,-0.4402896695061851,-0.4209401927243452,1.1896878983731014,-1.9034968643744057,1
3.153139233824774,0.30965936186044996,-0.7628904473934564,-0.44910529977787783,1.1204010924360304,1
-0.16183798030922103,0.09294116491224294,-2.1462488868023484,0.4681844185075404,-1.0117924301573347,1
1.8261582750667236,-0.15720873460695906,0.6641734890131041,0.09474523961247454,1.2681061019403013,0
0.30503372079865343,-0.7960642679314502,0.2702928080846576,1.2328079902850806,-0.6279754362416299,0
-1.4428111021945176,0.307068073875984,0.2546748858450035,-0.0016519859896538304,-0.26524851120801884,0
0.6474751605292746,-0.039113636179886,0.2736763602886546,-1.1741335085074658,2.4201619253528066,0
1.9815904348307203,2.0447274757938527,1.2063995156121166,1.0550403102180108,0.5634305088498289,1
0.29434677698235784,0.47150898076161446,0.19061479737940565,0.3158851083741661,1.6729562429827305,1
-0.703408591875181,1.8520721748387348,0.4684438992440251,-1.2423858130605356,0.6275783096356132,1
1.0683343720827048,0.8364242137048716,0.4537227876573061,-0.07971959447398802,-1.6943210754849332,1
-0.5616745309952214,-0.803685988065513,0.46601527183556957,-0.5796329712428498,0.6039118252540584,0
-1.4645692923101044,0.27845458337811174,0.8861790419164344,0.07837704568118178,1.0372787841171671,0
0.43439812117796034,0.0349067172005514,0.6683995186492961,0.6067808635303453,-0.38492810037830705,1
0.18308950895612291,1.7878337523010783,1.237122115577612,0.2104706266579968,-0.5227839119686377,1
-0.2382589187778479,0.01785012901784803,1.0677554764690596,1.31205015490154,-0.14123975098738104,0
1.0264849610879856,-1.479887867717137,-2.8529477423676024,-0.474825233678,0.5225671903091621,1
0.8264390731494712,-1.0963676114777738,0.5246759351728371,1.4880113854099983,-2.5065384922938834,1
0.6895090103270091,-0.3129790052615787,1.1709937264584729,0.3763793781511485,-0.13772269284519112,0
0.29702841138576164,1.2968966325082927,1.5611898399114235,0.026234773401147625,-0.7850608995424566,1
-0.9603469427880714,0.7903222082415952,1.1563969747008975,-0.8580363334318991,0.9349813524168578,0
-0.08901271709875172,-0.07046410557245891,0.5432776512158676,0.9778139638191314,-0.08974512580090306,1
-0.12649385551106973,0.05872157175955397,-0.15528359124213623,0.9926276277871104,2.184487883396968,0
-0.14350595668417743,-0.7969353169320335,-0.3304799131158761,0.421272131999137,-0.5950086736115882,1
-1.353336776357308,0.36155831965756896,-1.995038797285065,0.041718581319872675,1.87114014999651,1
-1.0813701455197293,-0.5640210328765279,-0.8487600530094137,-0.6373466196583455,-0.5703602761375538,0
0.23973245624969552,0.09877618468380178,0.7941158481639424,0.9507617500658986,-1.0828286772624165,1
0.11330170583003252,-0.3418160885988835,-2.0244066033488717,-0.40968667661341945,-0.3364148846352439,1
-1.1922449531632804,1.6619041315282073,0.41337460102822066,-0.7380812832537768,-0.08609212359216234,1
-0.29660802710244866,-2.5466588305905384,-0.37059064900699845,-0.07351647974030318,-1.04272784604942,0
-1.0126499496623849,1.2614290597471909,-0.8778071776916117,0.9984123311499883,0.3977851047417523,1
-0.39074251494497514,1.2338155427779098,0.37394034935620313,-1.0108583111635023,-0.34111234998563295,1
1.8329629268176462,0.2363114447112694,-0.35563724587940954,-1.678216806661203,-0.2933740123825476,1
0.24211794023204972,-1.0574894543667428,-0.9977280694299575,-1.0126191670234597,0.08052692702264516,0
0.2805335340739882,-0.22918751286021155,1.6072377688158197,0.502206464172822,0.7060506799593622,0
1.324631265061647,-1.2635742558184189,0.8260015881711559,0.834496908826518,-1.180653383447698,0
-1.2033016228456783,0.22118168648454317,-1.976397220530138,-1.384338676298482,0.16701617798363647,1
-0.2364575579253799,0.3621247781241665,-1.264967228083502,1.4902887109680878,-0.11252414046211567,1
0.5806850174369181,-0.4518475609326382,0.8677601250870733,-1.4027914073880356,0.09640116715994071,0
2.2861357418609765,-1.8223432002833349,0.6818609009015276,-1.6794078611613439,-0.5030423106562495,0
1.7115770538738437,2.2118575294056395,0.633427198209287,0.5124415677324287,-1.8346829456434983,1
-1.312252639418694,-1.7917711498005477,0.5027614546526077,-1.1511916227774612,-2.187181488222015,0
-0.1939779592396096,0.5177439870725762,1.2709025842073296,0.12403819336239554,-0.5002359994358593,1
0.7632794561233012,-2.7882104706569404,1.1465212971087084,-1.811109939943996,-0.3933442244586966,0
0.7740681478319026,-0.008254154041082548,1.2004569741639766,-1.1427956456172468,-3.212931809666182,1
0.36889260807051727,0.3986458925256782,-0.06096483460234471,1.261936647287322,1.0683262751935738,1
0.7732717072845102,-1.201927290842938,-1.3342055130437398,0.5343201226676069,0.26732905344724306,1
0.24886450396139503,0.35660564738280115,-0.6907897482189206,0.23390183075846385,0.2634094514524401,1
-1.8538795800136514,0.7171175936865777,-1.8995207863371695,-0.39306509708575654,0.4079230751866952,1
-0.9339070291107151,-0.805622562911739,0.7599928329065804,-1.6069037845654026,-0.6641697594964764,0
-0.07802952448242854,0.0929984121446823,-2.0151073011492655,0.9433148171148239,0.3169265195593296,1
-0.04718385469028055,0.6798201282205335,-1.1355496448337676,0.38961985929647086,0.13654961506350094,1
-0.7173349505186583,0.3301049207753476,1.6537250484105304,0.13811398990350704,0.9677853875996536,0
-0.8121360002649523,-0.5834341974546314,-0.5390389828152538,-1.1026487931805133,1.1951796676120687,0
0.13343635154686773,-0.13447729954200177,0.703811182763638,0.9851849895815012,-0.8176941166349576,1
1.3827583016987248,0.9257111918710522,0.052311513156795726,-0.677855027166083,0.6693268555933477,1
1.0410664696093466,-0.023335849552192128,0.6770792326701274,0.022412474540337672,-0.0004050888360880547,0
-0.08000193009766826,0.2548722943735594,0.9481418462476016,0.539460070802391,-0.22145088677988214,1
0.4260739192320668,1.0297018199346886,0.23230503135419875,-0.2755922628580194,-0.22693888023601066,1
-2.5556476393642713,-0.5220680039073325,0.38603279806348373,-1.5406472696459765,0.15348931678925784,0
0.8373733899119751,-2.0782229343443754,-0.10715268030860649,-0.6321047854870321,0.4028632835048044,0
-1.5210663076374649,-0.1425104164248773,-0.4940264782215985,-1.0089922188046754,-0.20592780821952522,0
-1.293108642445359,-1.0327888030229788,-0.31424347852672313,-0.6390441956287826,-0.21754258950049357,0
2.599719549253007,0.5011688706510466,0.17810062031072751,-0.8971073444136058,0.6714173692661818,1
-1.6083861755283386,-1.202395744138596,0.10232153910732265,1.3709005975623243,0.2835595048389937,0
-0.6046836087778774,-0.6830442148808772,0.9758536755219577,-1.4295091687791412,1.5816072140181472,0
-0.9057703421964298,-2.4749533082151567,-0.2949334447890337,1.1347857904753564,1.9318352084155015,0
0.2594820206104818,-0.3478798214307847,0.13645985278177594,-1.8489841972379468,0.37920847289367743,0
-0.025521025990135168,1.7600179610758186,1.6614025994995985,-0.4809825609706767,-0.6335690012850421,1
0.48259140892074986,1.0706942083641806,-0.8909761838245197,0.35455269429687974,-0.15562879239943803,1
-0.7106984915712542,0.18964216831670866,-0.5568238375062713,-0.28867242832302525,1.646400809500928,0
-2.4652050156263887,2.2705633203854263,-1.4036433884000734,-1.713301354061161,0.9942876534966063,1
3.071034110292628,0.6127930938529369,-0.1916468447708925,0.547349595849975,0.8591173820299741,1
-0.7370989562842769,1.5423905282457182,0.10861689660765939,1.2160250664173375,0.037428701147528304,1
0.039375164727796404,-1.4102443508255433,-0.30866957290817304,-0.05901911460464916,2.59553422251388,0
0.299404472954784,0.18837770001431825,-1.859980793030255,-0.9302512556190276,-0.09441653049609526,1
-1.3662942132203317,0.513247500255021,1.4884544373859612,2.3486324094052327,-0.43538008981225723,0
-0.5645522546451576,-0.5226728467865601,-0.040502556947923984,-0.5705087983711226,-0.7444120476373616,0
-0.8097296177648963,-1.1845384803738275,-0.5796996149921547,-0.13557015618079227,-1.0964510877986726,0
-0.6039576535436307,0.20875726058623217,0.5407329359472994,-2.258964146048963,-0.03834608046017824,0
-0.27580239288912156,1.785053456525864,0.6362319652854427,-0.5992910701461123,0.5434486057316954,1
-1.0143242145687623,-1.3158295847376569,-1.537048782149882,1.146948978575812,-0.6606715169696658,0
0.31495247264249704,-0.31203498153771875,-0.10141864709676178,-0.5558941288880985,-1.5475532842225068,1
0.5080356961815974,0.729306874904897,0.5109865591954839,-0.6721977774779366,0.40252223348102284,1
1.3394178138022559,1.1674198207041266,0.1273255217628508,0.07559142107333547,0.5248885453291009,1
0.7063330025811488,0.48140393862352115,-0.08076491813564485,-0.8851149340790663,-1.5479309128688914,1
0.140685989564501,-1.725069351861453,0.3170767195259451,-0.1600248340210259,-0.4971357924382547,0
-1.935418819830043,0.3597572029473397,-1.5796901186598908,0.09192102338008461,-0.29416420039690755,1
0.177021075893183,-1.298775747087977,0.3743725687607318,0.6262478004995127,0.5306320686296295,0
0.1280706949221516,-0.6547581764089214,0.8369635559636223,-0.683752890264616,-0.477245160875499,0
0.28763469643158546,2.058406453322646,0.8675867269187006,-0.3450547287298938,1.1732691452633373,1
0.91574555356747,1.8950289402960403,-1.4126804050798907,0.5768675131767805,-0.682091142771461,1
-1.0796102396479397,-0.8513244455341521,1.7995088781914539,-0.7693887095506207,1.6291243451330646,0
0.15766482650947644,-0.25758752823409536,1.2896934036752,0.4304485166122933,1.282453322488616,0
-0.15223156439760974,-0.524078770888372,0.1531670919633718,0.5134145833975552,1.0892954570068552,0
-2.874650113222763,0.5306045175215672,-1.2336030408241412,-2.09901855878683,-2.8679023428191353,1
-0.945902255425376,-0.10518376734072366,0.08621072684008084,-1.179022823795725,2.3860221492885865,0
1.1697090434510344,-1.1439425781456618,1.6673952878999756,1.5727065517894065,0.706796299236739,0
-0.8271455366334024,-0.574381552226988,-2.1413879739669524,-0.5521845379268432,-0.7907865033949836,1
0.3610312115914292,0.022663858005346232,-2.1037955713499894,0.15947952097257442,2.1864997205017613,1
0.46430187226118724,-0.9671084911956322,0.29560131186584954,0.7875020576569347,1.1990371090728948,0
0.8097449872433228,1.5293780812963207,-1.1353716038417314,-0.9584431961241744,0.9893694003449947,1
-1.095341140558272,0.25823174598014337,0.49294635822820587,1.1754268215616093,1.5533136131670346,0
0.36001989391469486,0.3218223867819069,-1.9060501506335996,2.0829687256755967,1.2628688906707488,1
0.9852213508997518,-0.44357132864261456,0.6358672076371191,-0.20451444595654694,0.2944526305631654,0
0.4388655374429951,0.9522045844384353,-1.0335168987848762,0.48405507525127806,-0.29836500832339885,1
