feature1,feature2,feature3,feature4,label
0.4967141530112327,7.798710873172004,A,X,1
-0.13826430117118466,6.849267365825538,A,X,1
0.6476885381006925,5.119260739840349,A,Y,1
1.5230298564080254,3.706126444588852,A,X,1
-0.23415337472333597,6.39644662722718,C,X,1
-0.23413695694918055,5.786970770843499,C,X,1
1.5792128155073915,6.790386440055465,A,X,1
0.7674347291529088,6.270343603363939,C,Y,1
-0.4694743859349521,7.09910543063867,B,X,1
0.5425600435859647,3.9295295768788643,A,X,1
-0.46341769281246226,7.634788131268651,A,X,1
-0.46572975357025687,5.395199209384799,B,X,1
0.24196227156603412,9.150521745250531,B,X,1
-1.913280244657798,3.6216243638208643,B,Y,0
-1.7249178325130328,8.4719276063305,A,X,1
-0.5622875292409727,5.395821566925296,A,X,1
-1.0128311203344238,3.6971639927711033,A,X,0
0.3142473325952739,4.032228331891357,A,Y,1
-0.9080240755212111,4.3593053836113596,A,X,0
-1.4123037013352917,5.848331892803833,A,Y,0
1.465648768921554,6.0456709760709995,C,Y,1
-0.22577630048653566,3.852599992122842,C,Y,1
0.06752820468792384,4.951290815478035,A,X,1
-1.4247481862134568,9.284540717223727,C,X,1
-0.5443827245251827,8.455086340201422,A,Y,1
0.11092258970986608,5.872647339348064,A,Y,1
-1.1509935774223028,5.076006956336401,A,Y,0
0.37569801834567196,5.240062653436523,B,X,1
-0.600638689918805,6.227035945460833,C,X,1
-0.2916937497932768,2.954414869603189,B,X,1
-0.6017066122293969,4.48524692515331,A,Y,0
1.8522781845089378,1.6628318522448202,B,X,1
-0.013497224737933914,5.798446245210559,A,X,1
-1.0577109289559,6.294391879405482,C,Y,1
0.822544912103189,4.033627075401252,B,X,1
-1.2208436499710222,8.147973526580065,A,Y,1
0.2088635950047554,2.548468673995318,B,X,1
-1.9596701238797756,2.07125023958036,B,X,0
-1.3281860488984305,5.448903637119944,A,X,0
0.19686123586912352,7.094196605224309,B,Y,1
0.7384665799954104,8.367855382915737,A,X,1
0.1713682811899705,4.0822314742621195,B,X,1
-0.11564828238824053,7.157361666862592,C,Y,1
-0.3011036955892888,4.922983060998585,C,X,1
-1.4785219903674274,4.654745400118361,B,X,0
-0.7198442083947086,6.767319874973345,B,X,1
-0.4606387709597875,6.304645756826839,A,X,1
1.0571222262189157,1.8472156860315012,B,Y,1
0.3436182895684614,7.9530806994517915,A,X,1
-1.763040155362734,7.760182708294903,A,X,0
0.324083969394795,3.748874596980941,A,X,1
-0.38508228041631654,5.791607066874818,A,Y,1
-0.6769220003059587,5.988060372565478,B,X,1
0.6116762888408679,5.521347531647814,A,X,1
1.030999522495951,3.8993896923091595,B,X,1
0.9312801191161986,3.656753264123897,A,X,1
-0.8392175232226385,4.9488918580171095,A,X,1
-0.3092123758512146,7.345458038518729,B,X,1
0.33126343140356396,6.087200309188865,A,Y,1
0.9755451271223592,4.258771335827788,A,X,1
-0.47917423784528995,6.54339742129669,B,Y,1
-0.18565897666381712,-0.6970852412601509,A,Y,0
-1.1063349740060282,7.297531400744207,C,X,1
-1.1962066240806708,1.5205724424438007,A,X,0
0.812525822394198,4.275118117193736,A,X,1
1.356240028570823,2.7606602107477123,B,Y,1
-0.07201012158033385,2.410637048558189,A,X,1
1.0035328978920242,7.321653574757038,A,X,1
0.36163602504763415,4.064597597376217,A,X,1
-0.6451197546051243,5.693007763461432,A,Y,1
0.36139560550841393,4.906158842241632,C,Y,1
1.5380365664659692,5.954081654446243,A,X,1
-0.03582603910995153,5.15364378212051,B,Y,1
1.564643655814006,2.4340155516228608,C,X,1
-2.6197451040897444,6.99253363889428,A,X,0
0.8219025043752238,4.012486833677375,C,Y,1
0.08704706823817134,1.886836202680498,A,X,1
-0.29900735046586785,4.143769678068175,C,X,1
0.0917607765355023,8.00151958126862,A,X,1
-1.9875689146008928,6.7004434842269855,B,Y,0
-0.21967188783751193,4.302695731184282,A,Y,1
0.3571125715117464,4.301484591363143,A,Y,1
1.477894044741516,4.356729897565235,B,Y,1
-0.5182702182736474,9.153495967121682,B,X,1
-0.8084936028931876,5.763870904463107,A,X,1
-0.5017570435845365,5.8600832943821395,A,X,1
0.9154021177020741,7.060566908063684,B,X,1
0.32875110965968446,5.477578318053027,B,X,1
-0.5297602037670388,4.481915708358594,C,Y,1
0.5132674331133561,4.607300301830043,B,X,1
0.09707754934804039,4.856797481171872,C,X,1
0.9686449905328892,4.925555526980316,B,X,1
-0.7020530938773524,6.4552590872739595,A,X,1
-0.3276621465977682,5.103891771614599,A,Y,1
-0.39210815313215763,6.465280154431158,B,X,1
-1.4635149481321186,4.838566839782835,B,X,0
0.29612027706457605,5.157270380632181,A,Y,1
0.26105527217988933,1.0035986309357847,A,X,1
0.0051134566424609,6.832655349404963,C,X,1
-0.23458713337514742,5.692976951795986,B,X,1
-1.4153707420504142,6.996020219719305,A,X,1
-0.42064532276535904,-0.7925107563873786,A,Y,0
-0.3427145165267695,9.176749409561456,A,Y,1
-0.8022772692216189,4.720820743689653,A,X,1
-0.16128571166600914,7.216365633475033,A,Y,1
0.4040508568145384,2.9201881457489383,A,X,1
1.8861859012105302,6.225547810125139,B,X,1
0.17457781283183896,2.8931688736526877,A,X,1
0.257550390722764,3.7524620786083895,C,X,1
-0.0744459157661671,8.828062707733572,C,X,1
-1.9187712152990415,4.6186351984733065,A,Y,0
-0.026513875449216878,5.434865746359446,B,Y,1
0.06023020994102644,6.740135461377507,A,X,1
2.463242112485286,5.991363775945209,C,X,1
-0.19236096478112252,5.3008378102871525,A,X,1
0.30154734233361247,5.72992200493245,B,X,1
-0.03471176970524331,9.80683117047655,B,X,1
-1.168678037619532,4.884762405932829,A,X,1
1.1428228145150205,5.402198093429935,A,Y,1
0.7519330326867741,7.1013087920152245,B,X,1
0.7910319470430469,7.211051865915968,B,X,1
-0.9093874547947389,7.37406061112076,A,X,1
1.4027943109360992,6.277460444058369,B,X,1
-1.4018510627922809,2.713990174539033,A,X,0
0.5868570938002703,8.266863064602191,B,Y,1
2.1904556258099785,2.707309213962624,A,X,1
-0.9905363251306883,5.605270930478066,C,Y,1
-0.5662977296027719,3.4914482999612844,A,X,1
0.09965136508764122,4.871723306814014,A,X,1
-0.5034756541161992,5.6575248206069615,A,X,1
-1.5506634310661327,5.642714430900546,A,Y,0
0.06856297480602733,5.84384150847057,B,X,1
-1.0623037137261049,8.227422538117294,A,Y,0
0.4735924306351816,5.90706860302796,C,X,1
-0.9194242342338034,4.511686729418702,A,Y,0
1.5499344050175399,6.928174336576715,A,X,1
-0.7832532923362371,7.378940977849281,A,Y,1
-0.3220615162056756,2.544784369726015,A,X,1
0.8135172173696698,6.194800139699716,A,Y,1
-1.2308643164339552,6.402345484621796,A,X,0
0.22745993460412942,4.404872993280016,A,X,1
1.307142754282428,7.75141362662324,A,X,1
-1.6074832345612275,4.699888825934946,B,Y,0
0.1846338585323042,5.251152906943085,B,X,1
0.2598827942484235,4.65385635143226,A,Y,1
0.78182287177731,5.031158095162935,A,X,1
-1.236950710878082,2.8074498262095964,C,X,0
-1.3204566130842763,2.1198982348114113,B,X,0
0.5219415656168976,8.189010126449944,B,Y,1
0.29698467323318606,3.3060773033633444,A,Y,1
0.25049285034587665,3.0172153010873854,B,Y,1
0.34644820949697586,0.6932197727925704,B,X,1
-0.6800247215784908,3.722076504620995,B,Y,1
0.23225369716100355,2.353820413185003,C,Y,1
0.29307247329868125,8.284030320272738,A,X,1
-0.7143514180263678,7.019634178685268,A,Y,1
1.8657745111447566,3.6236993096445524,B,Y,1
0.4738329209117875,9.504871610688618,C,Y,1
-1.1913034972026486,6.963530973983189,A,Y,1
0.6565536086338297,4.350337232982755,A,X,1
-0.9746816702273214,0.0011885702528546815,A,X,0
0.787084603742452,9.581885145181483,A,Y,1
1.158595579007404,2.220855066472808,B,X,1
-0.8206823183517105,1.7092025060862164,B,Y,0
0.9633761292443218,7.045140864019281,A,Y,1
0.4127809269364983,9.879504812678546,A,Y,1
0.82206015999449,7.768545637021036,A,Y,1
1.8967929826539474,6.12781824010472,A,X,1
-0.2453881160028705,6.189508683330572,B,X,1
-0.7537361643574896,6.706831117560616,C,X,1
-0.8895144296255233,6.5178571795735305,C,X,1
-0.8158102849654383,5.562382847938752,A,X,1
-0.07710170941410412,5.208402207903752,C,X,1
0.3411519748166435,4.874813744200956,B,Y,1
0.27669079933001905,3.4920708222666477,B,Y,1
0.8271832490360238,4.438649846266452,A,X,1
0.01300189187790702,1.614086371609229,A,X,0
1.4535340771573169,4.8033207464105,A,Y,1
-0.2646568332379561,3.022817785698165,A,X,1
2.720169166589619,2.7928213655684577,A,X,1
0.6256673477650062,5.359788302306957,A,X,1
-0.8571575564162826,7.784004572689199,A,X,1
-1.0708924980611123,6.836633212004626,B,X,0
0.4824724152431853,1.858998792753645,A,Y,1
-0.22346278532585084,3.020743726859325,A,X,0
0.7140004940920919,6.881542375976432,C,X,1
0.47323762457354485,3.035025212923381,C,X,1
-0.07282891265687277,4.550733700005951,B,X,1
-0.846793718068405,6.100104198049104,C,Y,0
-1.5148472246858646,3.0633110902727294,B,Y,0
-0.4465149520670211,5.21075101229192,C,Y,1
0.8563987943234723,2.331949010163591,A,X,1
0.21409374413020396,3.797264712097572,A,Y,1
-1.245738778711988,5.639563868285074,A,Y,0
0.173180925851182,1.8140125329366614,A,Y,1
0.3853173797288368,5.880949475920798,A,X,1
-0.883857436201133,4.960724402146638,B,X,1
0.1537251059455279,6.104979908834296,B,X,1
0.058208718445999896,5.447828268129323,B,Y,1
-1.142970297830623,7.728280859947688,A,X,1
0.3577873603482833,5.250449005295814,C,X,1
0.5607845263682344,4.141188917749494,B,Y,1
1.083051243175277,5.244595006064568,A,Y,1
1.053802052034903,6.086596058072777,B,Y,1
-1.377669367957091,5.0977201406514085,A,X,0
-0.9378250399151228,5.081183382407764,A,Y,0
0.5150352672086598,3.596016624386489,C,X,1
0.5137859509122088,3.6741981648981032,A,X,1
0.5150476863060478,2.194789456400613,A,X,1
3.8527314906547208,8.499153486373878,C,X,1
0.570890510693167,2.51227352921743,B,X,1
1.135565640180599,3.6141896044081854,A,Y,1
0.9540017634932023,3.5631854688616054,A,X,1
0.651391251305798,6.789848753888883,A,Y,1
-0.31526924464034556,4.410100643415944,B,X,1
0.7589692204932672,7.495484145347468,A,X,1
-0.7728252145375718,3.653018751512263,A,X,0
-0.23681860674000887,5.557988324447604,C,X,1
-0.48536354782910346,3.3293058934804853,B,X,1
0.08187413938632256,9.290298255546777,A,X,1
2.3146585666735087,2.6248031619409744,B,X,1
-1.8672651925917483,5.619641420454055,B,X,0
0.6862601903745136,6.267553761864197,A,X,1
-1.6127158711896519,5.827598194902997,A,Y,0
-0.4719318657894335,4.629424682244584,C,X,0
1.0889505969673663,4.740358600533147,A,Y,1
0.06428001909546277,5.087622943958219,B,Y,1
-1.0777447779293061,4.705995996743023,A,Y,0
-0.7153037092599682,6.927758233589819,A,Y,1
0.6795977489346758,9.421046003182703,A,X,1
-0.7303666317171367,3.885016429984333,A,Y,0
0.21645858958197486,2.260394040841844,A,Y,1
0.04557183990381377,4.82343590329749,A,X,1
-0.6516003476058169,10.159418675308636,C,X,1
2.1439440893253257,3.3926508640605384,C,X,1
0.6339190223180112,8.278233610888135,B,Y,1
-2.025142586657607,8.355401628152881,C,Y,0
0.18645431476942764,3.892823516584011,A,X,1
-0.661786464768388,6.137966158370551,C,X,1
0.852433334796224,8.256793246257075,A,X,1
-0.7925207384327007,4.241744518025026,C,X,0
-0.11473644146689901,4.592839279795276,C,Y,1
0.5049872789804571,3.8366381721027123,B,X,1
0.8657551941701215,2.9704865386142663,C,X,1
-1.2002964070557762,3.701444909867986,B,X,0
-0.3345012358409484,2.552119466475487,A,Y,1
-0.4749453111609562,5.068166936518452,A,X,1
-0.6533292325737119,3.4600535378827173,B,Y,1
1.7654542402810969,5.467571823581496,A,X,1
0.40498171096095553,1.8882087075927454,B,X,1
-1.2608839543350452,5.661760464428914,C,X,0
0.9178619470547761,6.6670579232178495,A,X,1
2.1221561970126332,1.0125287148570892,B,X,1
1.0324652605511468,5.748113139695144,C,Y,1
-1.5193699659540134,7.455337984946585,C,Y,1
-0.48423407286625136,2.580717962617589,C,Y,1
1.2669111491866227,8.345144773675408,B,X,1
-0.7076694656187807,5.838038018732091,C,Y,1
0.44381942814622843,3.5899762884831823,B,X,1
0.7746340534293368,4.8884618446845876,A,X,1
-0.926930471578083,6.116653825043445,A,X,1
-0.05952535606180008,5.152010782824823,B,X,1
-3.2412673400690726,6.077511984892738,A,Y,0
-1.0243876413342898,3.1586528138412673,B,X,0
-0.2525681513931603,5.3387216480721555,B,X,1
-1.2477831819648495,2.1725710061900396,A,Y,0
1.6324113039316352,4.7775478773026,B,X,1
-1.4301413779606327,3.1921847170704205,B,X,0
-0.44004448669698376,3.528940114820467,A,X,0
0.13074057728609134,7.472186350420875,A,Y,1
1.4412732890661155,7.182620241188538,A,Y,1
-1.4358621511794394,6.218276241814354,A,X,0
1.1631637521549596,2.815374470654842,C,X,1
0.010233061019587049,4.367183100610396,A,X,1
-0.9815086510479509,7.426195399958367,B,Y,1
0.46210347426327075,5.28343382727981,A,X,1
0.19905969557347003,9.63865907996339,A,X,1
-0.6002168771587947,5.786635678788744,C,X,1
0.06980208499001886,5.3840982329800635,B,X,1
-0.3853135968617599,4.3817670715949975,A,X,1
0.11351734525124799,5.267081809564564,A,Y,1
0.6621306745210463,4.695060327238913,A,X,1
1.586016816145352,6.416217353377181,A,X,1
-1.237815498826849,6.913404633589169,B,Y,0
2.1330333746562666,3.4280210789841012,A,Y,1
-1.9520877995225019,2.337534092884444,A,X,0
-0.15178509503558324,1.3275892537934069,A,X,1
0.5883172064845762,6.015982653825088,C,X,1
0.2809918677350327,2.793266787652253,C,Y,1
-0.6226995198205939,0.6942188140950343,A,X,0
-0.20812225035727533,5.7771572090619285,B,Y,1
-0.4930009346588331,9.985999034865582,A,Y,1
-0.5893647569442118,4.987858176920214,A,X,0
0.849602097021025,6.676981548903283,B,X,1
0.35701548596504734,5.16365871709513,C,X,1
-0.6929095952606542,4.8022206936177145,C,X,1
0.8995998754332507,6.838152965975537,B,X,1
0.30729952087660933,4.419450911622698,A,Y,1
0.8128621188389601,5.534784628143806,B,Y,1
0.6296288419236122,5.643395612392027,A,X,1
-0.8289950109220725,3.6638190927139025,B,Y,1
-0.5601810401969697,6.984084699073046,A,X,1
0.7472936051232618,4.650080486609182,B,X,1
0.6103702654334648,3.4885096810143104,A,X,1
-0.020901593964148132,6.073019687140807,A,Y,1
0.117327383308782,3.2030640364179255,C,Y,1
1.277664895788425,5.056362314738257,A,Y,1
-0.5915713888358299,4.981762006711593,B,X,1
0.5470973811700377,7.171791131663156,A,X,1
-0.20219265243389398,5.949396465759905,A,X,1
-0.21768120322722037,4.949946082509713,A,X,1
1.0987768519871903,6.635532598400574,A,Y,1
0.8254163489880298,7.780415098034627,C,Y,1
0.8135096360006385,6.115620612703724,A,Y,1
1.305478807154329,5.0207052396867615,C,X,1
0.02100384163275905,2.376327535299681,B,X,1
0.6819529712949639,2.869772673849255,A,X,1
-0.31026675659345604,4.389550591290664,B,X,0
0.3241663524884421,3.7809755956814337,B,X,1
-0.13014305436768459,4.626057394029108,B,Y,1
0.09699596499271819,5.113299849794214,A,Y,1
0.5951570254369136,6.059385508713461,A,X,1
-0.8182206832334725,4.859002443881818,C,X,1
2.0923872756854602,5.9730032876524035,C,X,1
-1.006017381499702,5.12894882962024,C,X,0
-1.2141886127877322,1.0490668672922574,A,Y,0
1.1581108735000678,3.1213292123624914,B,X,1
0.7916626939629359,4.7118248885567695,A,X,1
0.6241198170521551,2.580610514317785,A,X,1
0.6283455092642799,6.199857459992409,A,Y,1
-0.012246772846914623,8.061501664687395,B,X,1
-0.8972543714858315,7.437523703394634,A,X,1
0.07580455819372633,4.573114258139584,A,X,1
-0.6771617115121117,7.9814522736999045,C,Y,1
0.9751197334177512,5.297334914404224,A,Y,1
-0.14705738150213865,4.32582805776392,A,X,1
-0.8254971967925115,3.7731946729181205,A,Y,1
-0.32138584165299344,4.395060627023743,C,Y,1
0.4129314542756245,4.223646362917543,B,Y,1
-0.5637245528039749,5.340832444750975,A,Y,1
-0.8222203955664315,5.3211479620997295,C,Y,1
0.2436872114919123,5.006092040306829,C,X,1
0.24496657110872277,5.8738763394927,A,Y,1
-0.5069431753711298,7.381292549572683,B,X,1
-0.4710383056183228,6.899108270882648,B,Y,1
0.2320499373576363,2.030204063100193,B,X,1
-1.4480843414973241,-0.10784226980390965,A,Y,0
-1.4074637743765552,6.868639822478547,C,Y,0
-0.718444221252436,2.266242603169158,B,X,0
-0.21344715171184725,4.550469196214633,A,Y,1
0.3109075655980046,2.659773947881281,A,X,1
1.475356216949552,1.3960391248399606,A,Y,1
0.8576596232020194,6.082925456409576,A,X,1
-0.1599385299634271,6.518310320605294,B,X,1
-0.01901620790268883,3.846979198546561,A,Y,1
-1.0025293646378088,-0.18208458428981977,A,X,0
-0.018513135992389903,3.9075111034950343,B,Y,1
-0.2886586389201379,5.783608010805093,A,X,1
0.3227185603380895,2.042176862451743,C,X,1
-0.827230943552323,5.3667198395583116,A,X,0
0.5193465142411723,4.969380301654009,A,X,1
1.5327389130025777,6.158582999202177,A,X,1
-0.1087601484568576,5.239160736828307,A,X,1
0.40171172209894146,3.0538621182368892,A,X,1
0.6901439917111125,7.393143003328983,B,X,1
-0.40122047188583626,4.68294085394606,C,Y,1
0.22409248181041677,4.945390920980136,A,Y,1
0.01259240078179486,3.133464081853608,B,X,1
0.09767609854883172,4.11343549761698,B,Y,1
-0.7730097838554665,3.2303945719461984,C,X,0
0.024510174258942696,4.654107880153154,A,Y,1
0.4979982912454495,8.423416960284687,A,Y,1
1.4511436077950417,2.2561977141372873,A,Y,1
0.9592708260852069,1.7728772042465177,B,X,1
2.1531824575115563,7.942340654987217,C,Y,1
-0.7673475628880495,4.581352645696268,A,X,1
0.8723206367206782,3.6618545226801666,A,Y,1
0.18334200573835174,7.079809374792153,C,X,1
2.1898029332176723,3.788768920526272,C,Y,1
-0.8082982853551515,8.652019427093872,C,Y,1
-0.8397218421807761,6.355851742678539,B,Y,1
-0.5993926454440222,4.024177183708595,A,X,0
-2.123895724309807,9.314616426531007,B,Y,0
-0.525755021680761,3.788570153993323,B,X,1
-0.759132661553698,6.484190744018614,A,Y,1
0.15039378647620763,5.598585160812984,B,X,1
0.34175597577715944,7.603482578797596,B,X,1
1.8761708392158862,8.123022393453706,A,X,1
0.9504238381860503,5.064008298131533,B,X,1
-0.5769036556624031,3.4931642593076333,B,X,0
-0.898414671348358,5.919944285878233,C,X,1
0.4919191715065057,3.6445692604957878,A,X,1
-1.3202332070206422,9.026774495053246,A,Y,1
1.8314587658543537,5.273070662165475,B,Y,1
1.179440120721287,4.269356897375783,A,X,1
-0.4691756521047048,5.3693606117298165,B,X,0
-1.713134529090878,2.305747420940607,B,X,0
1.3538723741654133,3.056771922978697,A,X,1
-0.11453984525261789,7.400827815888851,B,Y,1
1.2378163119734618,3.6862114420572087,B,Y,1
-1.594427658794367,2.906178034636121,A,X,0
-0.5993750229537729,6.073305505054572,C,X,1
0.005243699718183166,7.371408309325994,C,X,1
0.046980593764742055,6.437906621330134,B,Y,1
-0.45006547147924364,6.992095371611633,B,Y,1
0.6228499323474987,3.4864098228610785,A,X,1
-1.0676204293825944,2.1563786665163125,C,X,0
-0.1423794850212935,8.002667303910973,B,Y,1
0.12029563171189886,4.354640322315729,B,Y,1
0.514438834058749,4.498333967089906,C,X,1
0.7116148780888896,7.656388283698115,A,X,1
-1.124642091837869,6.11246001880132,C,X,1
-1.5341141707356223,5.911775544163215,A,X,0
1.277676821898509,9.330004689802168,A,X,1
0.33231401197959165,3.712963539239714,A,X,1
-0.7484865365565536,6.855680256162474,C,X,1
1.551151975522523,5.114026249794169,C,X,1
0.11567463429285867,5.537184557726515,B,Y,1
1.1792971840638264,8.056936852825064,B,X,1
0.06751848141010895,6.015671512579248,B,X,1
2.060747924881987,6.076592158099266,C,X,1
1.7553408424432044,7.145014674619604,A,X,1
-0.2489641484790735,4.270094540914229,A,Y,1
0.9715709509543554,3.3215806653219873,A,X,1
0.6453759495851475,2.910381611957933,B,X,1
1.3686315575323487,1.0672868212479965,B,Y,1
-0.9649234605801045,9.112414259880644,A,X,1
0.6860514599984393,2.7935832685566337,A,Y,1
1.0584244868495878,4.557492752828456,C,X,1
-1.7587394864231143,4.446373400222159,A,X,0
-1.183258512665775,5.614813395618201,B,X,1
-2.0392321777601006,6.6314744250785935,C,X,0
-0.26940683444455765,6.720946976719491,A,Y,1
0.7175422557959621,3.8338451228621233,A,Y,1
1.502357052096028,4.665756572427177,B,X,1
0.07409478041977519,5.5651599009765995,C,X,1
1.6286155455712918,4.502617747632906,B,Y,1
-1.3801014582148914,8.214691152039986,C,Y,1
-1.7033824393551547,5.981949903276503,A,X,1
-0.05554769889661878,6.4697555720996345,B,X,1
0.3840654489393073,6.325762537334826,B,X,1
-0.03269474809409311,7.34694771497065,C,Y,1
-2.0674421000398766,5.3620431174074135,A,X,0
-0.08912003951278841,2.406336104088307,C,X,0
-1.3044695005048532,5.799375903505283,B,Y,0
0.6696725488300385,3.697286212416342,A,X,1
0.36659824609684827,3.9427666365004863,A,X,1
-0.9398797863273552,6.172728037510186,C,X,1
-0.5138669173366935,7.476566142867272,A,X,1
-1.0592135218889516,5.042543153472123,A,X,0
-0.06267909727317188,5.617666025197927,A,X,1
0.9551423205012383,8.404429889270476,C,X,1
-0.9857260463355437,5.4815063589771365,B,X,0
0.5040465155178444,10.203366228360789,B,Y,1
-0.5302576183724408,6.1310192912630885,A,Y,1
-0.7928728322623442,1.4784744816883646,B,X,0
-0.10703035995455783,6.506683242209065,B,X,1
-1.035242322419374,5.7623167697655555,C,X,1
-0.553649305347182,7.579505508165491,C,X,1
-1.1978778925888485,6.346362702539917,A,X,1
1.9647251329163893,4.723088032032452,B,Y,1
0.03526355197172861,2.5514035274212685,A,X,1
-0.6997255079925854,4.58195348542795,B,X,1
0.21397991073422196,3.2989590915814,A,X,1
-0.11232804969082963,3.8389531003905546,A,Y,1
-0.2209695995332226,6.177156808841219,A,X,1
0.6141667000434252,8.339809008702812,B,Y,1
0.7575077100473051,5.7893430596459625,A,X,1
-0.5305011476105275,2.6082338759296313,B,Y,1
-0.57581824064468,5.889205336440281,A,Y,1
-0.275051697151644,7.393262973291302,A,X,1
-2.301921164735585,3.780434191361236,B,X,0
-1.515191062198552,4.7319656666541645,A,X,0
1.3668742674445244,5.0293763894583945,A,X,1
1.6449677135012837,3.43020337383552,B,Y,1
-0.24903603955637832,6.2965608676877185,A,Y,1
0.5765569630557664,4.758103702784437,A,Y,1
0.3112501545435361,5.839064887814056,A,Y,1
3.0788808084552377,3.2250156443958,C,X,1
1.1195749114345768,4.125083399353179,B,X,1
-0.12791759148076653,6.444762715655543,B,Y,1
-0.9555404406004258,4.254333695816466,B,X,0
-1.6064463202575725,8.45392770246681,A,Y,0
0.2034636358672231,4.200727628770795,A,X,1
-0.7563507452843033,5.449369451503772,B,X,1
-1.4222537095976742,6.8651816637461796,A,Y,0
-0.6465728842425267,2.1632685341339366,A,X,0
-1.0815480036143952,1.4783823760384482,A,Y,0
1.6871416350725648,1.9486873708598105,A,Y,1
0.8816397569494505,7.525168206854364,C,Y,1
-0.007972641316617375,3.8962837082151065,A,Y,1
1.4799441388900263,10.116398571336504,B,X,1
0.0773683076476183,3.871504802685223,A,Y,1
-0.8612842013282637,5.369102606394074,C,X,0
1.5231240772696573,8.08421990513575,A,X,1
0.5389100436846587,9.012185776318246,A,Y,1
-1.0372461543264564,9.123007153272795,B,X,1
-0.1903386780836082,7.416732461186285,B,X,1
-0.8756182533847574,7.048125051622925,A,X,1
-1.3827997309643363,6.185053898402366,A,X,0
0.9261775475316414,6.5567221523332755,A,Y,1
1.9094166404701305,3.897628567342933,A,X,1
-1.3985675738191412,3.363602233155386,A,Y,0
0.5629692366905709,4.993251085178096,A,Y,1
-0.6506425691218272,4.659630754950143,A,Y,1
-0.4871253837646962,4.093543901345449,A,X,0
-0.5923939242388692,6.392774894913431,B,Y,1
-0.863990769679816,6.910610417141021,C,X,1
0.04852162794482699,5.176813772583695,B,Y,1
-0.8309501164110378,7.955060162110524,A,X,1
0.2704568257798388,2.71662177173299,A,Y,1
-0.05023810944913695,4.612681081440564,C,Y,1
-0.23894804686640975,3.5663553587943904,A,X,1
-0.9075636620415979,1.26692676585388,A,X,0
-0.5767713305683327,4.834638628314601,B,Y,1
0.755391225825756,4.756504983233433,B,X,1
0.5009171876243808,8.026899486484261,B,Y,1
-0.977555244798551,6.2616233691095555,A,X,1
0.09933230542922587,2.95162635134159,A,X,1
0.751387123371789,8.708185132668376,C,Y,1
-1.6694052811213718,7.442067391050706,A,Y,1
0.543360192379935,6.164195406937232,B,Y,1
-0.6626237589458467,4.547031802300336,B,X,1
0.5705986685931593,3.0811215265530407,B,Y,1
-0.7632591565425169,4.255586447857894,A,X,1
-1.804882100664519,7.177497239408371,A,Y,0
-1.6275424378831627,8.769172611869218,B,Y,1
0.048084946661381994,8.086487056544378,C,X,1
0.25972250172148187,4.022301156427452,C,X,1
-0.9043166251044086,2.7607651334219776,A,X,0
0.6385924587773739,5.281772493822408,A,Y,1
-1.6615200622689599,1.4631212688742967,C,X,0
-0.06607979864731657,5.646335428369563,B,Y,1
-1.2110161997624564,4.7047948274026625,C,X,0
-0.6518361078021592,4.067926996263515,A,Y,1
0.047398671316414016,1.810593865466409,B,Y,0
-0.8604133652839524,6.027200213139433,B,X,0
-0.38455554422982535,3.9345983206761774,B,X,1
1.0062928092144405,2.660166328579424,A,X,1
-0.5768918695231487,-0.7445244265632986,A,Y,0
0.8356921120651418,4.9449701898987275,B,Y,1
-1.129706854657618,8.544503193339487,A,X,1
0.5298041779152828,8.32251842909574,A,Y,1
1.4415686206579004,4.0858074868274565,C,X,1
-2.4716445001272893,3.7955758792764387,A,X,0
-0.7968952554704768,5.937548512150047,C,Y,1
0.57707212718054,3.0032291216234173,A,X,1
-0.2030453860429927,5.6035837996389315,B,X,1
0.37114587337130883,6.53216055676938,C,X,1
-0.6039851867158206,7.453866447768615,A,X,1
0.08658978747289992,4.799691847040094,A,X,1
-0.15567723539207948,4.592652499646068,A,X,1
1.1677820616598074,3.244034826486878,A,Y,1
0.2544208433012131,3.3462392919202797,B,X,1
0.3376026620752022,4.547042216196947,C,X,1
-0.4118769661224674,5.734731013632356,A,X,0
-0.48760622407249354,6.827169252466499,A,X,1
-0.4325581878196209,3.3936420986393103,A,Y,1
0.39445214237829684,7.985377137919043,B,Y,1
-0.42098448082026296,4.457752797914862,A,X,1
0.28977485689641286,4.957265411303128,B,Y,1
2.0754007986454384,3.5055766417043532,B,X,1
0.8711247034316923,0.1515194794541168,B,X,1
-0.32602353216784113,6.7680907927220995,A,X,1
1.2012139221639448,6.473687794184867,B,X,1
-0.4080753730215514,4.437344885763573,A,X,1
-2.038124535177854,5.133981434449744,A,Y,0
-1.008086310917404,6.031878435408199,C,X,1
-1.8707919210258557,1.8749082862269146,B,Y,0
-0.35151348404130867,3.9418946453074106,A,X,1
0.0184183791895517,6.588529359243655,A,X,1
1.6764373122752827,2.491421153661501,A,Y,1
0.32692737376416264,5.587115864333258,A,X,1
-0.21910052880886424,2.28683639075319,A,X,0
0.8294055811834892,5.932859964867053,A,Y,1
-2.211135309007885,4.9287170354050325,A,Y,0
0.23561455810856594,1.769736368188981,B,Y,1
0.7708651938869668,7.329478708914342,B,Y,1
-1.4785862457798415,3.5308168464039023,B,Y,0
1.143754043206929,3.3794951259712382,A,Y,1
0.3384964074944141,5.401138394461886,C,X,1
-0.4152879139008013,7.29727469885743,C,X,1
0.6327818661062848,2.968356362043206,C,X,1
2.270692857804396,5.123359699695944,C,X,1
0.18186625505849516,5.857633000661146,C,Y,1
0.24822058630033608,6.386211214526288,B,Y,1
-0.4593608995402441,5.35288311055445,A,X,1
-0.8498443694647918,4.265944321833356,B,X,1
0.8303358165442456,3.344819558702561,B,Y,1
-0.8560838259088672,5.172287766092749,B,X,1
0.07156623721939247,2.855721976028786,B,Y,1
-0.4776574467651167,-0.8427009669892147,A,X,0
0.47897982574639203,5.873119608315336,A,X,1
0.33366210528694845,6.807869682172391,C,X,1
1.0375399442578994,0.2741351289163232,B,X,1
-0.5100163988547471,2.980538590580125,B,Y,1
-0.26987493529337125,6.238308522010396,A,Y,1
-0.9787637157823074,9.114990939423397,A,Y,1
-0.44429326007611136,5.041587415350816,C,X,1
0.37730049304485197,3.5439941175417315,B,X,1
0.7569886166453519,4.63420711779032,B,Y,1
-0.9221653241776254,7.74975283829637,A,Y,1
0.8696059201056602,3.708071641750929,B,X,1
1.355637858804951,3.401615986699493,A,X,1
0.41343490322370086,4.034512955635935,B,Y,1
1.876795812558066,3.0933427834825755,A,X,1
-0.773789199103573,5.245340631989591,A,X,1
-1.244654703311417,8.24935691693912,B,X,0
-1.7787202489042786,5.6461585462320585,C,X,0
1.496044311489183,4.495292995747425,A,Y,1
0.6543656563540577,4.416377462168912,C,Y,1
-0.05558467091045507,1.873618382606686,A,X,0
0.2799686263198203,6.766219554294318,A,X,1
-1.1254890472983765,4.8443256059743955,A,X,0
2.4457519796168263,4.639040172818749,A,X,1
0.1292211819752275,11.38621513568972,B,X,1
0.10939479460489293,5.597505816731372,A,Y,1
0.7257666238986923,3.4964178998096314,A,X,1
0.4810092317367132,4.147284807588913,C,X,1
0.22388402427913137,7.29689141839351,A,X,1
-0.7904744554453119,5.226540821075529,B,X,1
0.4714683571359957,2.1234440433652666,A,X,1
1.8820244964750337,6.838457869150407,B,X,1
1.3454200461549777,3.663711828922012,A,Y,1
1.5931866266393973,8.74659555243509,A,X,1
-0.5112156764311853,7.160096131429297,A,X,1
-0.9896048202585809,4.1053562086824975,A,Y,1
-0.12578692009964815,7.562032723470225,A,Y,1
0.055724912288694604,5.1357110210548065,B,X,1
1.0941915184709485,6.705547350244439,C,Y,1
-1.6924646297148194,5.96946563458895,C,X,0
1.5295503194606137,3.3072866900182527,B,X,1
-0.15800789857898942,3.7129003353650765,A,X,1
-0.42688106994742003,7.059921635162322,A,Y,1
-1.0121043752601677,4.330449335786918,A,Y,0
-1.6548566718657698,4.1927030735160065,A,X,0
0.8231705839619146,3.089754841301294,B,X,1
0.07331796718840389,5.847198131186922,B,Y,1
-1.2899608997410539,9.12504983848629,A,X,1
-1.295078772063616,2.8649341714914542,A,X,0
-0.3357846992901282,5.0484389133455165,C,Y,1
1.669021525289393,7.8244411108308585,B,Y,1
-0.2595913513636048,4.84071721750857,A,Y,1
-1.5031429531181062,5.904743592499468,C,Y,0
-0.24574306408594407,2.8752129437062406,C,X,0
-0.2727235697476702,5.856614194415297,A,Y,1
-2.6968866429415717,4.625711469990902,A,Y,0
-0.05429486651781221,6.971459991359726,B,X,1
-0.23093453020867796,7.3747721031295015,C,X,1
0.6962063648134184,10.179127284037227,C,X,1
1.8489560949453452,6.1592663464271515,A,X,1
1.1265650295477574,5.6515926331643325,A,Y,1
-0.2688886905548305,5.388768603154672,B,Y,1
-1.1065259087416701,4.293667414378623,B,X,1
2.5733598032498604,5.6769676869233825,A,X,1
0.05921843401448826,4.409197179721941,C,Y,1
0.013929291912946203,5.336921952539228,B,X,1
-0.024125087110003277,7.63519507121592,C,X,1
0.19808476076785533,2.9869148694407177,C,X,1
-0.14436041192394275,7.279757122258091,B,X,1
-0.5736620068802363,7.634230134679731,A,X,1
-0.5468589412403921,4.763862946017842,B,X,1
-0.03275327021599839,0.7562902019828108,A,X,1
-0.543424771133765,3.7843560258111353,B,X,0
-0.7128457826771644,7.593989093122218,A,X,1
0.10643022769189683,4.954263875402236,B,X,1
-0.2549772174208552,3.0013955354101785,A,Y,1
1.5039929885826884,3.990450157543565,A,Y,1
-2.650969808393012,6.681240053009106,A,X,0
1.0915068519224618,6.093467136402759,A,X,1
1.246085192497629,4.522135801660611,B,Y,1
-2.0733902324081495,4.266351176370624,B,X,0
-0.34268759408034877,4.216483701912356,B,X,1
-0.37144086599579146,3.155179631002995,A,Y,1
-1.4075116947178212,8.230751378938884,A,Y,1
-0.7778166875908753,4.35535906157732,A,Y,1
-1.1105758454658288,7.434317041650993,A,X,1
1.7522704434236227,8.042632103844902,C,Y,1
0.9356783931474612,6.996621796295921,A,X,1
1.2715550949941588,4.136759374563903,A,Y,1
0.7216720640432349,5.807460180673219,A,X,1
-1.129051771217229,4.951608787218167,A,X,0
-0.5245202662797737,3.1925962785397437,B,Y,0
0.48937456122791806,5.6487185634432056,B,X,1
-1.2221278088919454,2.641920417680395,A,X,0
0.7129984301723881,7.375358776923127,A,Y,1
-0.24032539815813486,4.070765405403214,A,X,1
-0.37482080754959723,5.4023193117456785,A,X,1
0.7109599682034917,5.566575743092284,A,X,1
0.4442633114860399,4.482190052591846,C,Y,1
-0.3609661658190799,6.17338760295055,B,Y,1
1.159329803364248,4.050192686754951,B,X,1
-1.0810633275998973,6.742594594914488,A,Y,1
0.6159356069442637,2.308040639506503,A,X,1
0.5931012579683838,5.2527591590928235,B,Y,1
-0.3095464393139903,8.87785799811657,B,X,1
0.326133022242118,2.9993373507888506,B,X,1
-1.2511135763853032,3.644510058950297,A,Y,0
0.924027019206901,6.02781569931783,B,X,1
-0.18490213644298903,5.359163563879196,A,X,1
-0.5227230205190395,5.701260198547119,C,X,1
1.0490092258368893,5.978374260295327,B,Y,1
-0.7043436905427592,6.269442937123539,B,X,0
-1.4084612963635597,7.219399683912446,A,X,0
-1.5566291735239037,5.819637313857025,B,X,1
0.6060099513456396,4.517484690762915,A,X,1
-1.280429352496283,6.345147402405463,A,X,0
1.7547941819843647,8.79976386979043,A,Y,1
-2.081929407883722,4.7347325072348525,B,Y,0
1.6964563682900382,3.050941390658717,A,X,1
0.2110174672026184,7.214161338573946,A,X,1
-0.09671311187039239,4.759237672092803,C,X,1
-0.5449190868089495,0.6546609079719277,A,X,0
0.39913611435207075,6.694843354300843,B,Y,1
-0.03763470242484838,3.9293436280921545,A,X,1
1.103301882016522,4.818933435391679,A,X,1
0.11422764866203965,5.66396066113803,B,Y,1
0.1503017614618776,5.380999359558134,A,X,1
-0.36361221221385587,6.418903634278079,A,Y,1
-0.056945623721067457,4.129027258860313,B,X,1
0.3078017688920592,6.026211596352166,B,Y,1
-1.7101683926566253,4.4809066448321655,B,Y,0
-1.348185422105713,6.477620961775006,A,Y,1
0.743264094022715,6.230734968026107,A,Y,1
0.17086543812794186,3.1291225959108093,B,X,1
-0.18398333635267913,7.171964232350064,B,X,1
0.01843393306539316,3.928073109771904,C,Y,1
0.34758170536167105,6.61611559656229,C,X,1
-0.5397596803093615,5.734574626802681,C,X,1
-0.7783047254023127,8.676367353590244,A,X,1
0.19584525509768155,4.553068035256295,A,X,1
-0.978372777615032,4.301366407763605,B,X,0
0.40825275571447184,4.961160788224535,A,X,1
-1.7025836042378404,4.39364043433145,A,Y,0
1.0291556373256436,6.5998838038841,C,X,1
0.472597482413043,1.7673787831268242,C,X,1
0.25602973431387566,2.8926351617072914,A,X,1
0.9826909839455139,2.864394156841614,A,X,1
1.6654744444625766,6.900615183947151,A,Y,1
1.0143700650181304,8.42122674516385,C,X,1
-1.8408742313316453,4.791101562925057,C,X,0
-1.2795769667357015,4.662356553619979,A,Y,0
-0.6248185776956788,5.140104326226362,A,X,1
0.026091050210833786,7.3237566052163805,C,X,1
0.517659020469123,3.145293731618852,A,X,1
-0.7257438131534656,5.47673796546957,B,Y,1
0.18676676447707832,6.950395259564859,C,X,1
-0.7553829323533225,6.00218833987969,A,X,1
-0.6115178029919482,5.379163233197486,B,X,0
-1.4066610968482223,7.002092185134282,A,X,0
-0.9232332461109043,-0.40646458599847435,A,X,0
-1.3516846056163336,6.3557506390618155,C,X,0
-0.9758732529773327,3.6918486337451526,A,X,1
1.0536417966078395,1.3387342062870862,C,Y,1
-0.949398888831943,6.022405199049961,B,Y,0
2.632382064837391,7.747317090325915,A,X,1
0.4933179008808892,4.725102970744616,A,Y,1
0.1848361236948739,6.905749094405877,A,X,1
-0.8583577801812133,8.22455651597729,A,X,1
0.7003098794089911,7.629828907168095,A,Y,1
-0.5756378262377739,8.279929058742786,A,Y,1
0.12200981464536144,6.484254982143785,A,Y,1
2.5600845382687947,5.150867277803186,B,X,1
-0.09605989972464987,1.796068376205663,B,Y,0
1.1492733262856758,4.5078750237401035,B,X,1
-0.7031764251258874,3.313506809367617,A,Y,1
-0.0349884904969617,9.341885434995628,A,Y,1
1.77080063563551,4.648228375135327,B,X,1
-0.6269670577877674,5.2464096135689715,A,Y,1
1.8124485579969287,6.102970752080935,A,X,1
0.7077519354554754,5.087204892744907,C,X,1
-0.5624667758942676,8.390102080861507,B,X,1
0.6324077390555208,3.754701276531096,B,X,1
0.9725544496267297,5.389214910474485,A,Y,1
0.6218099622171964,3.5150588286039035,B,Y,1
-1.5702247198904564,2.3599549775585884,B,X,0
-0.7271371758248686,3.7764618181894294,B,Y,0
-0.24751863555150475,4.9259264059031755,B,Y,1
-0.07443342910004629,4.1413955509654805,C,X,1
0.620672097550678,3.615158040252288,B,Y,1
0.17770100093325383,2.1873650726563323,A,X,0
-1.3353443587101013,4.83378885474261,B,Y,0
0.3801978510059632,1.9905592519379955,B,X,1
0.6105857452838231,6.520111927379205,B,X,1
0.5597904479310398,5.164879505869006,A,X,1
1.0807807255546218,2.084897001070139,A,Y,1
0.8339221545489041,4.381581845900273,C,X,1
0.4591800792284367,3.4956871888188337,B,X,1
-0.070165711458647,5.638349020838361,C,X,1
-1.660960933515991,7.680900892046289,B,Y,0
0.42961821913258585,1.2496550607085108,B,X,1
0.20768768716311115,5.230052158294835,B,X,1
0.2715788371953735,4.679734408866719,C,X,1
-1.2767485758203097,6.342680152900931,B,X,1
-1.0810565404082624,5.426393256475379,B,Y,0
1.0531528533329035,3.496061336522362,A,Y,1
-0.03955515385665504,4.361892128666764,A,X,1
0.6815006973726244,3.407948286393022,B,X,1
0.02831837613045931,7.152014277197196,A,Y,1
0.029756139495743236,5.0426232973438845,A,X,1
0.9382838059759977,8.802381371506016,A,Y,1
-0.5160447282173739,4.878678372370758,A,Y,1
0.09612077694098344,3.5831864661790744,A,Y,1
-0.46227528870504275,1.9725712147743457,A,X,0
-0.4344962274323156,1.3937206474881099,C,X,1
-0.30917212346863937,1.8317281139890205,B,Y,0
0.22213377163371276,5.534253302022967,A,X,1
-0.4787486216634771,6.017450046459867,A,Y,1
1.2557561255735208,1.8376185959357332,B,X,1
-0.8946073022195039,6.790076628152231,A,Y,1
-0.18687164416135904,4.033877896633121,C,X,1
-0.4397310582741749,5.293586023971098,B,X,1
1.4469778843537329,8.224441256510849,B,X,1
0.19655477651157463,6.793678631731064,A,Y,1
1.0318445394686349,4.4629387041883355,B,Y,1
-1.485560373036972,3.217615549169425,A,X,0
0.26705026586925884,0.6963691973413901,C,X,1
0.889630795623437,3.56169336151516,B,Y,1
0.08228398927542419,4.577739522344611,A,X,1
1.0654803750653512,3.0256409456976323,A,X,1
-0.5172884501003722,4.737486065815391,A,X,1
1.40934744018558,5.153703765917537,B,X,1
2.2988981236192503,4.550288036383843,A,X,1
-0.36283856043965906,3.6999948383530805,B,X,0
-0.4455025214007718,5.337309343933455,A,X,1
1.453384477117701,5.883881299138818,B,X,1
1.5795721457307124,2.819201845114308,C,X,1
-0.5228600271532683,7.82186475949254,B,X,1
-0.42018681709585753,4.802823735431477,B,X,1
-0.2817846088605074,5.037699245889695,A,Y,0
-1.344450511034277,6.4164288465131145,A,X,1
-0.9186519464841982,5.466432262527004,B,X,0
-1.0041407667520679,6.90627326782649,A,X,1
-0.7677975651041284,5.574248330403648,A,X,1
-0.034684887386781105,3.775125250719124,A,X,1
0.23421473253652023,5.723007050412203,A,X,1
1.5505004928140769,2.7125475853586765,A,Y,1
-0.998354040738791,5.217119411553046,C,X,0
0.9843223984765838,4.933540018711079,A,Y,1
-0.21398884422550896,4.583766285454921,B,X,1
-0.049463709652432936,4.742924977122138,A,X,1
0.6748194921666035,1.2363019090047218,B,X,0
-1.1227220215622986,3.902550184518077,A,X,0
0.3824097461840506,5.185689802282229,C,X,1
0.16645220821305598,5.319712783994801,C,Y,1
0.4924512640081488,2.9446497181480837,A,X,1
0.2891686439078181,7.531415681729401,C,Y,1
2.4553001399108942,3.2676503035709987,C,Y,1
-0.637739984251316,6.938914401053474,C,X,1
-0.5309969550018176,5.854388723743369,C,X,1
-0.6231405264247644,3.707545380312394,A,X,0
-0.5554771191602547,8.550621785219024,B,X,1
-0.6373871273065177,2.61272633648704,A,X,1
1.1890165311075518,6.8383083472200035,A,X,1
1.4205042479898549,7.0011646360859565,C,X,1
-0.5707462937494763,3.6587595818467102,A,X,0
-0.8323555731042287,7.784930600128657,B,Y,1
0.4714155563864041,4.499906970802094,C,Y,1
-0.5522230442809716,5.577387258559714,C,Y,1
0.6329318177555111,5.5206436775424415,C,X,1
0.2029230208512997,4.731382517058904,A,X,1
-1.515744114997232,6.621616546319564,A,X,0
1.5475052013300616,6.586977441104426,A,X,1
1.7958776730955217,1.5029360535236385,A,X,1
-0.612788690484386,7.608680485756305,A,Y,1
-0.38770155993598404,1.6750160239286513,A,Y,1
0.28586539072490513,7.065092408683315,B,X,1
0.33445678998702516,7.253410273655167,B,X,1
0.6585442726728304,2.8180671395696035,A,X,1
2.0102045387663496,4.17837142409083,B,X,1
-0.1769472274940494,2.7885906630281285,A,X,1
-0.7982972445384537,4.570157939422529,A,X,1
-1.3793192280145272,4.383931431628517,B,X,0
-0.7309300399419191,6.55932106453868,B,Y,1
-0.033126972873797095,7.620617492239218,B,X,1
1.7945578635177877,7.791367621579912,A,Y,1
-0.5176112990361714,3.875663946843396,C,X,1
0.2237879516388985,4.581556252510945,B,X,1
-0.016422896072752075,1.6331236155581,B,X,1
1.188393273448084,3.3882598670076227,B,X,1
2.5269324258736217,6.929703266194915,C,X,1
-0.5308687729203206,8.231165647096464,B,Y,1
-0.48943944251822213,2.531302256240156,B,Y,1
1.044160877069072,3.8150714816942113,C,X,1
0.6818914896263114,4.947188486082146,B,X,1
1.8467073257360336,5.560322317639213,A,Y,1
0.5839281853259639,3.3807929601567075,B,X,1
-0.35929209078705954,5.8481220889281795,A,X,1
0.5906548306923093,4.052321305858168,A,X,1
1.1087035805829077,4.9710954582434415,B,Y,1
0.8204821811973643,6.092568496007399,C,Y,1
0.5072740311072979,5.0128445396218755,C,X,1
1.066674689589154,4.127228218946863,A,Y,1
1.1692955904456728,4.780780392148339,B,Y,1
1.3821589910375272,4.82327408158933,A,X,1
0.6487098875896427,4.259977940235744,C,X,1
-0.16711808031685435,4.482407874665795,C,X,1
0.14671368643332283,8.197294341009433,B,Y,1
1.2065089665083568,6.121838895882478,C,X,1
-0.8169356709872361,4.409039363941679,B,Y,1
0.3686733088729012,6.393908809021472,B,X,1
-0.3933388123273607,4.33236102048798,A,Y,1
0.028744822934817487,7.346249275173283,A,X,1
1.2784518626072987,5.739284384396187,B,X,1
0.19109906801990334,4.7853957119915425,B,Y,1
0.04643654815614881,5.895433851620554,A,Y,1
-1.3598561409799192,1.8582476958630014,C,Y,0
0.7462535660272207,2.7464650621803894,A,X,1
0.6454841811410754,2.612149987201889,B,Y,1
2.16325472330546,5.285886189527414,B,X,1
-0.30777823495300055,8.465029998970184,B,X,1
0.21915032766393877,9.462600292385265,B,X,1
0.24938368371075526,6.276102202881514,A,X,1
1.5774532797634744,6.001688949888914,A,X,1
-0.0952955323869521,1.397884531694522,B,Y,1
0.27902152577033923,3.9146524005319563,B,X,1
0.6078965097165392,3.424432496183522,A,Y,1
0.1866091231563581,3.7583048034977677,B,X,1
-0.44643361455052827,4.663712362830421,A,X,1
0.19408999289830758,4.055818844605746,B,X,1
1.073631749859772,1.0414003792484245,C,Y,1
-1.0265152994110602,6.495820512235068,A,Y,1
0.132969674146876,2.854513948520387,A,Y,1
-0.7001208149391732,5.478493728222299,B,Y,1
1.1950466289248425,9.148165339499947,B,X,1
-1.5231869047837747,3.1612308168271532,B,X,0
-0.5589218472715883,-0.06057504549265946,C,Y,0
0.37721187506452086,4.427991556239778,C,X,1
1.5655240292343404,7.201919269997142,C,X,1
-0.0657502610729878,8.916694908441187,B,X,1
-0.5551995266931983,2.5409008110951663,A,X,0
1.88115706944059,5.993398446473043,A,X,1
-1.448013900416244,4.069379086439893,A,X,0
-2.198805956620082,4.788103291391729,B,X,0
0.4400144500533324,10.28868669403407,A,X,1
-0.5020542243526112,1.9940593432096936,C,X,1
-1.0212328171307132,5.5074793229891466,B,X,0
0.7083564472993533,5.935386343530866,B,Y,1
0.24380071377119883,7.171572649878694,A,X,1
-0.5640786307367284,5.1959663069417905,A,X,1
-1.2803043986708944,5.616101079008204,A,Y,0
0.8724573282801447,4.216702865156418,A,X,1
0.650201177958661,5.538253882490214,A,X,1
-0.09917586377938291,4.313615449005179,B,Y,1
1.8466369960476658,6.243143779712102,C,X,1
-1.0700847663261526,4.260779327912732,C,Y,0
-1.5255251709247388,5.754200787804373,B,Y,0
-0.6919080698812444,4.941474372630044,A,Y,1
-0.045586016355497805,7.252100501544336,C,X,1
0.24333944932269183,4.897212552823028,C,X,1
-0.24123605785632987,1.4539350635862371,A,X,0
0.3520553965142968,7.523843001427983,B,X,1
-1.2515394241904443,3.1885353982747624,A,X,0
1.4437646040732597,3.6924673227023606,C,X,1
-0.08215117839256883,3.808677411913016,C,X,1
1.1172958315881278,7.748876186341635,A,X,1
0.34272534637770413,0.7286515720426081,C,X,1
0.4567532191537839,11.27549706731999,B,X,1
0.5697672802322037,7.112113618132104,C,Y,1
0.4477085600173148,5.4464778282583195,A,X,1
0.6427227598675439,4.890211998767427,C,X,1
1.3291525301324314,5.571108149715314,A,Y,1
0.19652116970147013,6.042244856758677,A,X,1
0.7090037575885123,6.2904311719001145,A,X,1
-0.08973569428722672,6.111208932006897,C,X,1
1.4401172154494728,5.179161362510498,C,Y,1
-0.6763923020592697,4.605323159385348,C,X,0
1.8009404329108156,4.697453432692977,C,X,1
-0.04015795064434341,4.610183439294638,A,X,1
-1.4307751021180481,7.2675401937341295,A,Y,1
0.12810441491078928,6.1871134445617235,A,X,1
-0.6810516574748808,-0.8807772693285605,A,X,0
0.8406435489887243,6.311801553059522,A,Y,1
-0.6526239793023911,5.389472389437549,A,X,1
-0.4461834332147797,4.962582487108206,A,Y,1
-1.889540730945531,4.222963093822228,A,X,0
-0.4523063192490767,7.2482254399720265,A,Y,1
-2.4238793266289567,6.895052924245716,A,X,0
-1.5839028234857233,3.4542446643527818,C,Y,0
0.7604146561442974,5.81410457424907,B,Y,1
0.7858001586508322,3.0566865309174283,C,X,1
0.42545756178496474,2.2407636704221394,A,X,1
-0.966976143129213,3.74656555082007,A,X,1
-0.047711356141979855,6.724786944765517,B,X,1
-0.003602539090568403,6.906250090752174,A,X,1
-1.1583646891925423,6.026170840194586,A,X,0
1.5033983017671506,6.450191573695994,A,X,1
0.8773622905756714,6.032356574229917,A,X,1
-0.22096417382966393,3.7170368095540955,A,X,1
0.02688583899453078,5.8638450893478815,A,Y,1
0.20838280794755248,6.600819050455365,B,X,1
-2.0417348684242906,6.508582659627149,A,X,0
-0.24717738252059693,7.377826742949286,A,X,1
-0.6819842479977986,6.416607694402128,C,X,1
-1.0016200098949155,5.702896415083166,A,X,1
-0.2811002928859549,7.140300476632855,A,X,1
1.7976865268495226,4.9469574815018795,C,X,1
0.6408428612670098,3.2362506975445635,A,Y,1
-0.5711789897827968,4.673866072112472,A,X,1
0.5725827813561586,3.510194710387102,A,Y,1
